#ifndef BITMAP_APP_ICONS_H
#define BITMAP_APP_ICONS_H

// Auto-generated by tools/convert_icons.py from assets/icon/*.png
// Format: 0x00RRGGBB per pixel, row-major. 0x000000 = transparent
// (matches the launcher's drawScaledRGBBitmap / drawRGBBitmap).

#include <Arduino.h>

#define IC_ATTACK_W 24
#define IC_ATTACK_H 24
static const uint32_t ic_attack[] PROGMEM = {
  0x000000, 0x000000, 0x000000, 0x000000, 0x000000, 0x000000, 0x000000, 0x000000, 0x000000, 0x000000, 0x000000, 0x000000, 0x000000, 0x000000, 0x000000, 0x000000, 0x000000, 0x000000, 0x000000, 0x000000, 0x000000, 0x000000, 0x000000, 0x000000,
  0x000000, 0x000000, 0x000000, 0x000000, 0x000000, 0x000000, 0x000000, 0x000000, 0x000000, 0x000000, 0x000000, 0x000000, 0x000000, 0x000000, 0x000000, 0x000000, 0x000000, 0x000000, 0x000000, 0x000000, 0x000000, 0x000000, 0x000000, 0x000000,
  0x000000, 0x000000, 0x000000, 0x000000, 0x000000, 0x000000, 0x000000, 0x000000, 0x000000, 0x000000, 0xe2e2e2, 0xe3e3e3, 0xe3e3e3, 0xe2e2e2, 0x000000, 0x000000, 0x000000, 0x000000, 0x000000, 0x000000, 0x000000, 0x000000, 0x000000, 0x000000,
  0x000000, 0x000000, 0x000000, 0x000000, 0x000000, 0x000000, 0x000000, 0x000000, 0x000000, 0xe3e3e3, 0xe3e3e3, 0xe3e3e3, 0xe3e3e3, 0xe3e3e3, 0xe3e3e3, 0x000000, 0x000000, 0x000000, 0x000000, 0x000000, 0x000000, 0x000000, 0x000000, 0x000000,
  0x000000, 0x000000, 0x000000, 0x000000, 0x000000, 0x000000, 0x000000, 0x000000, 0x000000, 0xe3e3e3, 0xe3e3e3, 0x000000, 0x000000, 0xe3e3e3, 0xe3e3e3, 0x000000, 0x000000, 0x000000, 0x000000, 0x000000, 0x000000, 0x000000, 0x000000, 0x000000,
  0x000000, 0x000000, 0x000000, 0x000000, 0x000000, 0x000000, 0x000000, 0x000000, 0x000000, 0xe3e3e3, 0xe3e3e3, 0x000000, 0x000000, 0xe3e3e3, 0xe3e3e3, 0x000000, 0x000000, 0x000000, 0x000000, 0x000000, 0x000000, 0x000000, 0x000000, 0x000000,
  0x000000, 0x000000, 0x000000, 0x000000, 0x000000, 0x000000, 0x000000, 0x000000, 0x000000, 0xe3e3e3, 0xe3e3e3, 0xe3e3e3, 0xe3e3e3, 0xe3e3e3, 0xe3e3e3, 0x000000, 0x000000, 0x000000, 0x000000, 0x000000, 0x000000, 0x000000, 0x000000, 0x000000,
  0x000000, 0x000000, 0x000000, 0x000000, 0x000000, 0x000000, 0x000000, 0x000000, 0x000000, 0x000000, 0xe2e2e2, 0xe3e3e3, 0xe3e3e3, 0xe2e2e2, 0x000000, 0x000000, 0x000000, 0x000000, 0x000000, 0x000000, 0x000000, 0x000000, 0x000000, 0x000000,
  0x000000, 0x000000, 0x000000, 0x000000, 0x000000, 0x000000, 0x000000, 0x000000, 0x000000, 0x000000, 0x000000, 0xe3e3e3, 0xe3e3e3, 0x000000, 0x000000, 0x000000, 0x000000, 0x000000, 0x000000, 0x000000, 0x000000, 0x000000, 0x000000, 0x000000,
  0x000000, 0x000000, 0x000000, 0x000000, 0x000000, 0x000000, 0x000000, 0x000000, 0xe3e3e3, 0xe3e3e3, 0xe3e3e3, 0xe3e3e3, 0xe3e3e3, 0xe3e3e3, 0xe3e3e3, 0xe3e3e3, 0x000000, 0x000000, 0x000000, 0x000000, 0x000000, 0x000000, 0x000000, 0x000000,
  0x000000, 0x000000, 0x000000, 0x000000, 0x000000, 0x000000, 0x000000, 0x000000, 0xe3e3e3, 0xe3e3e3, 0xe3e3e3, 0xe3e3e3, 0xe3e3e3, 0xe3e3e3, 0xe3e3e3, 0xe3e3e3, 0x000000, 0x000000, 0x000000, 0x000000, 0x000000, 0x000000, 0x000000, 0x000000,
  0x000000, 0x000000, 0x000000, 0x000000, 0x000000, 0x000000, 0x000000, 0x000000, 0x000000, 0x000000, 0x000000, 0xe3e3e3, 0xe3e3e3, 0x000000, 0x000000, 0x000000, 0x000000, 0x000000, 0x000000, 0x000000, 0x000000, 0x000000, 0x000000, 0x000000,
  0x000000, 0x000000, 0x000000, 0xe3e3e3, 0x000000, 0x000000, 0x000000, 0x000000, 0x000000, 0x000000, 0x000000, 0xe3e3e3, 0xe3e3e3, 0x000000, 0x000000, 0x000000, 0x000000, 0x000000, 0x000000, 0x000000, 0xe3e3e3, 0x000000, 0x000000, 0x000000,
  0x000000, 0x000000, 0x000000, 0xe3e3e3, 0xe3e3e3, 0x000000, 0x000000, 0x000000, 0x000000, 0x000000, 0x000000, 0xe3e3e3, 0xe3e3e3, 0x000000, 0x000000, 0x000000, 0x000000, 0x000000, 0x000000, 0xe3e3e3, 0xe3e3e3, 0x000000, 0x000000, 0x000000,
  0x000000, 0x000000, 0x000000, 0xe3e3e3, 0xe3e3e3, 0xe3e3e3, 0x000000, 0x000000, 0x000000, 0x000000, 0x000000, 0xe3e3e3, 0xe3e3e3, 0x000000, 0x000000, 0x000000, 0x000000, 0x000000, 0xe3e3e3, 0xe3e3e3, 0xe3e3e3, 0x000000, 0x000000, 0x000000,
  0x000000, 0x000000, 0x000000, 0xe3e3e3, 0xe3e3e3, 0xe3e3e3, 0xe1e1e1, 0x000000, 0x000000, 0x000000, 0x000000, 0xe3e3e3, 0xe3e3e3, 0x000000, 0x000000, 0x000000, 0x000000, 0xe1e1e1, 0xe3e3e3, 0xe3e3e3, 0xe3e3e3, 0x000000, 0x000000, 0x000000,
  0x000000, 0x000000, 0x000000, 0xe4e4e4, 0xe3e3e3, 0xe3e3e3, 0x000000, 0x000000, 0x000000, 0x000000, 0x000000, 0xe3e3e3, 0xe3e3e3, 0x000000, 0x000000, 0x000000, 0x000000, 0x000000, 0xe3e3e3, 0xe3e3e3, 0xe4e4e4, 0x000000, 0x000000, 0x000000,
  0x000000, 0x000000, 0x000000, 0x000000, 0xe3e3e3, 0xe3e3e3, 0x000000, 0x000000, 0x000000, 0x000000, 0x000000, 0xe3e3e3, 0xe3e3e3, 0x000000, 0x000000, 0x000000, 0x000000, 0x000000, 0xe3e3e3, 0xe3e3e3, 0x000000, 0x000000, 0x000000, 0x000000,
  0x000000, 0x000000, 0x000000, 0x000000, 0xe3e3e3, 0xe3e3e3, 0xe3e3e3, 0x000000, 0x000000, 0x000000, 0x000000, 0xe3e3e3, 0xe3e3e3, 0x000000, 0x000000, 0x000000, 0x000000, 0xe3e3e3, 0xe3e3e3, 0xe3e3e3, 0x000000, 0x000000, 0x000000, 0x000000,
  0x000000, 0x000000, 0x000000, 0x000000, 0x000000, 0x000000, 0xe3e3e3, 0xe3e3e3, 0xe3e3e3, 0x000000, 0x000000, 0xe3e3e3, 0xe3e3e3, 0x000000, 0x000000, 0xe3e3e3, 0xe3e3e3, 0xe3e3e3, 0x000000, 0x000000, 0x000000, 0x000000, 0x000000, 0x000000,
  0x000000, 0x000000, 0x000000, 0x000000, 0x000000, 0x000000, 0x000000, 0xe3e3e3, 0xe3e3e3, 0xe3e3e3, 0xe3e3e3, 0xe3e3e3, 0xe3e3e3, 0xe3e3e3, 0xe3e3e3, 0xe3e3e3, 0xe3e3e3, 0x000000, 0x000000, 0x000000, 0x000000, 0x000000, 0x000000, 0x000000,
  0x000000, 0x000000, 0x000000, 0x000000, 0x000000, 0x000000, 0x000000, 0x000000, 0x000000, 0xe3e3e3, 0xe3e3e3, 0xe3e3e3, 0xe3e3e3, 0xe3e3e3, 0xe3e3e3, 0x000000, 0x000000, 0x000000, 0x000000, 0x000000, 0x000000, 0x000000, 0x000000, 0x000000,
  0x000000, 0x000000, 0x000000, 0x000000, 0x000000, 0x000000, 0x000000, 0x000000, 0x000000, 0x000000, 0x000000, 0x000000, 0x000000, 0x000000, 0x000000, 0x000000, 0x000000, 0x000000, 0x000000, 0x000000, 0x000000, 0x000000, 0x000000, 0x000000,
  0x000000, 0x000000, 0x000000, 0x000000, 0x000000, 0x000000, 0x000000, 0x000000, 0x000000, 0x000000, 0x000000, 0x000000, 0x000000, 0x000000, 0x000000, 0x000000, 0x000000, 0x000000, 0x000000, 0x000000, 0x000000, 0x000000, 0x000000, 0x000000,
};

#define IC_AUDIO_W 24
#define IC_AUDIO_H 24
static const uint32_t ic_audio[] PROGMEM = {
  0x000000, 0x000000, 0x000000, 0x000000, 0x000000, 0x000000, 0x000000, 0x000000, 0x000000, 0x000000, 0x000000, 0x000000, 0x000000, 0x000000, 0x000000, 0x000000, 0x000000, 0x000000, 0x000000, 0x000000, 0x000000, 0x000000, 0x000000, 0x000000,
  0x000000, 0x000000, 0x000000, 0x000000, 0x000000, 0x000000, 0x000000, 0x000000, 0x000000, 0x000000, 0x000000, 0x000000, 0x000000, 0x000000, 0x000000, 0x000000, 0x000000, 0x000000, 0x000000, 0x000000, 0x000000, 0x000000, 0x000000, 0x000000,
  0x000000, 0x000000, 0x000000, 0x000000, 0x000000, 0x000000, 0x000000, 0x000000, 0x000000, 0x000000, 0x000000, 0x000000, 0x000000, 0x000000, 0x000000, 0x000000, 0x000000, 0x000000, 0x000000, 0x000000, 0x000000, 0x000000, 0x000000, 0x000000,
  0x000000, 0x000000, 0x000000, 0x000000, 0x000000, 0x000000, 0x000000, 0x000000, 0x000000, 0x000000, 0x000000, 0x000000, 0x000000, 0x000000, 0x000000, 0x000000, 0x000000, 0x000000, 0x000000, 0x000000, 0x000000, 0x000000, 0x000000, 0x000000,
  0x000000, 0x000000, 0x000000, 0x000000, 0x000000, 0x000000, 0x000000, 0x000000, 0x000000, 0x000000, 0x000000, 0x000000, 0x000000, 0x000000, 0x000000, 0x000000, 0x000000, 0x000000, 0x000000, 0x000000, 0x000000, 0x000000, 0x000000, 0x000000,
  0x000000, 0x000000, 0x000000, 0x000000, 0x000000, 0x000000, 0x000000, 0x000000, 0x000000, 0x000000, 0x000000, 0x000000, 0x000000, 0x000000, 0x000000, 0x000000, 0x000000, 0x000000, 0x000000, 0x000000, 0x000000, 0x000000, 0x000000, 0x000000,
  0x000000, 0x000000, 0x000000, 0x000000, 0x000000, 0x000000, 0x000000, 0x000000, 0x000000, 0x000000, 0x000000, 0x000000, 0x000000, 0x000000, 0x000000, 0x000000, 0x000000, 0x000000, 0x000000, 0x000000, 0x000000, 0x000000, 0x000000, 0x000000,
  0x000000, 0x000000, 0x000000, 0x000000, 0x000000, 0x000000, 0x000000, 0x000000, 0x000000, 0x000000, 0x000000, 0x000000, 0x000000, 0x000000, 0x000000, 0x000000, 0x000000, 0x000000, 0x000000, 0x000000, 0xe3e3e3, 0xe2e2e2, 0x000000, 0x000000,
  0x000000, 0x000000, 0xe3e3e3, 0xe3e3e3, 0xe3e3e3, 0xe3e3e3, 0x000000, 0x000000, 0x000000, 0xe3e3e3, 0xe3e3e3, 0xe3e3e3, 0xe3e3e3, 0xe3e3e3, 0x000000, 0x000000, 0x000000, 0x000000, 0x000000, 0x000000, 0xe3e3e3, 0xe3e3e3, 0x000000, 0x000000,
  0x000000, 0xe3e3e3, 0xe3e3e3, 0xe3e3e3, 0xe3e3e3, 0xe3e3e3, 0xe3e3e3, 0x000000, 0x000000, 0xe3e3e3, 0xe3e3e3, 0xe3e3e3, 0xe3e3e3, 0xe3e3e3, 0xe3e3e3, 0x000000, 0x000000, 0x000000, 0x000000, 0x000000, 0xe3e3e3, 0xe3e3e3, 0xe2e2e2, 0x000000,
  0x000000, 0xe3e3e3, 0xe3e3e3, 0x000000, 0x000000, 0xe3e3e3, 0xe3e3e3, 0x000000, 0x000000, 0xe3e3e3, 0xe3e3e3, 0x000000, 0x000000, 0xe3e3e3, 0xe3e3e3, 0x000000, 0x000000, 0xe3e3e3, 0xe3e3e3, 0x000000, 0x000000, 0xe3e3e3, 0xe3e3e3, 0x000000,
  0x000000, 0xe3e3e3, 0xe3e3e3, 0x000000, 0x000000, 0xe3e3e3, 0xe3e3e3, 0x000000, 0x000000, 0xe3e3e3, 0xe3e3e3, 0x000000, 0x000000, 0xe3e3e3, 0xe3e3e3, 0x000000, 0x000000, 0xe3e3e3, 0xe3e3e3, 0x000000, 0x000000, 0xe3e3e3, 0xe3e3e3, 0x000000,
  0x000000, 0xe3e3e3, 0xe3e3e3, 0xe3e3e3, 0xe3e3e3, 0xe3e3e3, 0xe3e3e3, 0x000000, 0x000000, 0xe3e3e3, 0xe3e3e3, 0x000000, 0x000000, 0xe3e3e3, 0xe3e3e3, 0x000000, 0x000000, 0xe3e3e3, 0xe3e3e3, 0x000000, 0x000000, 0xe3e3e3, 0xe3e3e3, 0x000000,
  0x000000, 0xe3e3e3, 0xe3e3e3, 0xe3e3e3, 0xe3e3e3, 0xe3e3e3, 0xe3e3e3, 0x000000, 0x000000, 0xe3e3e3, 0xe3e3e3, 0x000000, 0x000000, 0xe3e3e3, 0xe3e3e3, 0x000000, 0x000000, 0xe3e3e3, 0xe4e4e4, 0x000000, 0x000000, 0xe3e3e3, 0xe3e3e3, 0x000000,
  0x000000, 0xe3e3e3, 0xe3e3e3, 0x000000, 0x000000, 0xe3e3e3, 0xe3e3e3, 0x000000, 0x000000, 0xe3e3e3, 0xe3e3e3, 0xe3e3e3, 0xe3e3e3, 0xe3e3e3, 0xe3e3e3, 0x000000, 0x000000, 0x000000, 0x000000, 0x000000, 0xe3e3e3, 0xe3e3e3, 0xe3e3e3, 0x000000,
  0x000000, 0xe3e3e3, 0xe3e3e3, 0x000000, 0x000000, 0xe3e3e3, 0xe3e3e3, 0x000000, 0x000000, 0xe3e3e3, 0xe3e3e3, 0xe3e3e3, 0xe3e3e3, 0xe3e3e3, 0x000000, 0x000000, 0x000000, 0x000000, 0x000000, 0x000000, 0xe3e3e3, 0xe3e3e3, 0x000000, 0x000000,
  0x000000, 0x000000, 0x000000, 0x000000, 0x000000, 0x000000, 0x000000, 0x000000, 0x000000, 0x000000, 0x000000, 0x000000, 0x000000, 0x000000, 0x000000, 0x000000, 0x000000, 0x000000, 0x000000, 0x000000, 0xe3e3e3, 0xe3e3e3, 0x000000, 0x000000,
  0x000000, 0x000000, 0x000000, 0x000000, 0x000000, 0x000000, 0x000000, 0x000000, 0x000000, 0x000000, 0x000000, 0x000000, 0x000000, 0x000000, 0x000000, 0x000000, 0x000000, 0x000000, 0x000000, 0x000000, 0x000000, 0x000000, 0x000000, 0x000000,
  0x000000, 0x000000, 0x000000, 0x000000, 0x000000, 0x000000, 0x000000, 0x000000, 0x000000, 0x000000, 0x000000, 0x000000, 0x000000, 0x000000, 0x000000, 0x000000, 0x000000, 0x000000, 0x000000, 0x000000, 0x000000, 0x000000, 0x000000, 0x000000,
  0x000000, 0x000000, 0x000000, 0x000000, 0x000000, 0x000000, 0x000000, 0x000000, 0x000000, 0x000000, 0x000000, 0x000000, 0x000000, 0x000000, 0x000000, 0x000000, 0x000000, 0x000000, 0x000000, 0x000000, 0x000000, 0x000000, 0x000000, 0x000000,
  0x000000, 0x000000, 0x000000, 0x000000, 0x000000, 0x000000, 0x000000, 0x000000, 0x000000, 0x000000, 0x000000, 0x000000, 0x000000, 0x000000, 0x000000, 0x000000, 0x000000, 0x000000, 0x000000, 0x000000, 0x000000, 0x000000, 0x000000, 0x000000,
  0x000000, 0x000000, 0x000000, 0x000000, 0x000000, 0x000000, 0x000000, 0x000000, 0x000000, 0x000000, 0x000000, 0x000000, 0x000000, 0x000000, 0x000000, 0x000000, 0x000000, 0x000000, 0x000000, 0x000000, 0x000000, 0x000000, 0x000000, 0x000000,
  0x000000, 0x000000, 0x000000, 0x000000, 0x000000, 0x000000, 0x000000, 0x000000, 0x000000, 0x000000, 0x000000, 0x000000, 0x000000, 0x000000, 0x000000, 0x000000, 0x000000, 0x000000, 0x000000, 0x000000, 0x000000, 0x000000, 0x000000, 0x000000,
  0x000000, 0x000000, 0x000000, 0x000000, 0x000000, 0x000000, 0x000000, 0x000000, 0x000000, 0x000000, 0x000000, 0x000000, 0x000000, 0x000000, 0x000000, 0x000000, 0x000000, 0x000000, 0x000000, 0x000000, 0x000000, 0x000000, 0x000000, 0x000000,
};

#define IC_BLE_W 24
#define IC_BLE_H 24
static const uint32_t ic_ble[] PROGMEM = {
  0x000000, 0x000000, 0x000000, 0x000000, 0x000000, 0x000000, 0x000000, 0x000000, 0x000000, 0x000000, 0x000000, 0x000000, 0x000000, 0x000000, 0x000000, 0x000000, 0x000000, 0x000000, 0x000000, 0x000000, 0x000000, 0x000000, 0x000000, 0x000000,
  0x000000, 0x000000, 0x000000, 0x000000, 0x000000, 0x000000, 0x000000, 0x000000, 0x000000, 0x000000, 0x000000, 0x000000, 0x000000, 0x000000, 0x000000, 0x000000, 0x000000, 0x000000, 0x000000, 0x000000, 0x000000, 0x000000, 0x000000, 0x000000,
  0x000000, 0x000000, 0x000000, 0x000000, 0x000000, 0x000000, 0x000000, 0x000000, 0x000000, 0x000000, 0x000000, 0xe3e3e3, 0xe1e1e1, 0x000000, 0x000000, 0x000000, 0x000000, 0x000000, 0x000000, 0x000000, 0x000000, 0x000000, 0x000000, 0x000000,
  0x000000, 0x000000, 0x000000, 0x000000, 0x000000, 0x000000, 0x000000, 0x000000, 0x000000, 0x000000, 0x000000, 0xe3e3e3, 0xe3e3e3, 0xe1e1e1, 0x000000, 0x000000, 0x000000, 0x000000, 0x000000, 0x000000, 0x000000, 0x000000, 0x000000, 0x000000,
  0x000000, 0x000000, 0x000000, 0x000000, 0x000000, 0x000000, 0x000000, 0x000000, 0x000000, 0x000000, 0x000000, 0xe3e3e3, 0xe3e3e3, 0xe3e3e3, 0xe1e1e1, 0x000000, 0x000000, 0x000000, 0x000000, 0x000000, 0x000000, 0x000000, 0x000000, 0x000000,
  0x000000, 0x000000, 0x000000, 0x000000, 0x000000, 0x000000, 0xe3e3e3, 0x000000, 0x000000, 0x000000, 0x000000, 0xe3e3e3, 0xe3e3e3, 0xe3e3e3, 0xe3e3e3, 0xe1e1e1, 0x000000, 0x000000, 0x000000, 0x000000, 0x000000, 0x000000, 0x000000, 0x000000,
  0x000000, 0x000000, 0x000000, 0x000000, 0x000000, 0xe3e3e3, 0xe3e3e3, 0xe3e3e3, 0x000000, 0x000000, 0x000000, 0xe3e3e3, 0xe3e3e3, 0x000000, 0xe3e3e3, 0xe3e3e3, 0xe1e1e1, 0x000000, 0x000000, 0x000000, 0x000000, 0x000000, 0x000000, 0x000000,
  0x000000, 0x000000, 0x000000, 0x000000, 0x000000, 0x000000, 0xe3e3e3, 0xe3e3e3, 0xe3e3e3, 0x000000, 0x000000, 0xe3e3e3, 0xe3e3e3, 0x000000, 0x000000, 0xe3e3e3, 0xe3e3e3, 0xe1e1e1, 0x000000, 0x000000, 0x000000, 0x000000, 0x000000, 0x000000,
  0x000000, 0x000000, 0x000000, 0x000000, 0x000000, 0x000000, 0x000000, 0xe3e3e3, 0xe3e3e3, 0xe3e3e3, 0x000000, 0xe3e3e3, 0xe3e3e3, 0x000000, 0xe3e3e3, 0xe3e3e3, 0xe3e3e3, 0x000000, 0x000000, 0x000000, 0x000000, 0x000000, 0x000000, 0x000000,
  0x000000, 0x000000, 0x000000, 0x000000, 0x000000, 0x000000, 0x000000, 0x000000, 0xe3e3e3, 0xe3e3e3, 0xe3e3e3, 0xe3e3e3, 0xe3e3e3, 0xe3e3e3, 0xe3e3e3, 0xe3e3e3, 0x000000, 0x000000, 0x000000, 0x000000, 0x000000, 0x000000, 0x000000, 0x000000,
  0x000000, 0x000000, 0x000000, 0x000000, 0x000000, 0x000000, 0x000000, 0x000000, 0x000000, 0xe3e3e3, 0xe3e3e3, 0xe3e3e3, 0xe3e3e3, 0xe3e3e3, 0xe3e3e3, 0x000000, 0x000000, 0x000000, 0x000000, 0x000000, 0x000000, 0x000000, 0x000000, 0x000000,
  0x000000, 0x000000, 0x000000, 0x000000, 0x000000, 0x000000, 0x000000, 0x000000, 0x000000, 0x000000, 0xe3e3e3, 0xe3e3e3, 0xe3e3e3, 0xe3e3e3, 0x000000, 0x000000, 0x000000, 0x000000, 0x000000, 0x000000, 0x000000, 0x000000, 0x000000, 0x000000,
  0x000000, 0x000000, 0x000000, 0x000000, 0x000000, 0x000000, 0x000000, 0x000000, 0x000000, 0x000000, 0xe3e3e3, 0xe3e3e3, 0xe3e3e3, 0xe3e3e3, 0x000000, 0x000000, 0x000000, 0x000000, 0x000000, 0x000000, 0x000000, 0x000000, 0x000000, 0x000000,
  0x000000, 0x000000, 0x000000, 0x000000, 0x000000, 0x000000, 0x000000, 0x000000, 0x000000, 0xe3e3e3, 0xe3e3e3, 0xe3e3e3, 0xe3e3e3, 0xe3e3e3, 0xe3e3e3, 0x000000, 0x000000, 0x000000, 0x000000, 0x000000, 0x000000, 0x000000, 0x000000, 0x000000,
  0x000000, 0x000000, 0x000000, 0x000000, 0x000000, 0x000000, 0x000000, 0x000000, 0xe3e3e3, 0xe3e3e3, 0xe3e3e3, 0xe3e3e3, 0xe3e3e3, 0xe2e2e2, 0xe3e3e3, 0xe3e3e3, 0x000000, 0x000000, 0x000000, 0x000000, 0x000000, 0x000000, 0x000000, 0x000000,
  0x000000, 0x000000, 0x000000, 0x000000, 0x000000, 0x000000, 0x000000, 0xe3e3e3, 0xe3e3e3, 0xe3e3e3, 0x000000, 0xe3e3e3, 0xe3e3e3, 0x000000, 0xe4e4e4, 0xe3e3e3, 0xe3e3e3, 0x000000, 0x000000, 0x000000, 0x000000, 0x000000, 0x000000, 0x000000,
  0x000000, 0x000000, 0x000000, 0x000000, 0x000000, 0x000000, 0xe3e3e3, 0xe3e3e3, 0xe3e3e3, 0x000000, 0x000000, 0xe3e3e3, 0xe3e3e3, 0x000000, 0x000000, 0xe3e3e3, 0xe3e3e3, 0xe1e1e1, 0x000000, 0x000000, 0x000000, 0x000000, 0x000000, 0x000000,
  0x000000, 0x000000, 0x000000, 0x000000, 0x000000, 0xe3e3e3, 0xe3e3e3, 0xe3e3e3, 0x000000, 0x000000, 0x000000, 0xe3e3e3, 0xe3e3e3, 0x000000, 0xe3e3e3, 0xe3e3e3, 0xe1e1e1, 0x000000, 0x000000, 0x000000, 0x000000, 0x000000, 0x000000, 0x000000,
  0x000000, 0x000000, 0x000000, 0x000000, 0x000000, 0x000000, 0xe3e3e3, 0x000000, 0x000000, 0x000000, 0x000000, 0xe3e3e3, 0xe3e3e3, 0xe3e3e3, 0xe3e3e3, 0xe1e1e1, 0x000000, 0x000000, 0x000000, 0x000000, 0x000000, 0x000000, 0x000000, 0x000000,
  0x000000, 0x000000, 0x000000, 0x000000, 0x000000, 0x000000, 0x000000, 0x000000, 0x000000, 0x000000, 0x000000, 0xe3e3e3, 0xe3e3e3, 0xe3e3e3, 0xe1e1e1, 0x000000, 0x000000, 0x000000, 0x000000, 0x000000, 0x000000, 0x000000, 0x000000, 0x000000,
  0x000000, 0x000000, 0x000000, 0x000000, 0x000000, 0x000000, 0x000000, 0x000000, 0x000000, 0x000000, 0x000000, 0xe3e3e3, 0xe3e3e3, 0xe1e1e1, 0x000000, 0x000000, 0x000000, 0x000000, 0x000000, 0x000000, 0x000000, 0x000000, 0x000000, 0x000000,
  0x000000, 0x000000, 0x000000, 0x000000, 0x000000, 0x000000, 0x000000, 0x000000, 0x000000, 0x000000, 0x000000, 0xe3e3e3, 0xe1e1e1, 0x000000, 0x000000, 0x000000, 0x000000, 0x000000, 0x000000, 0x000000, 0x000000, 0x000000, 0x000000, 0x000000,
  0x000000, 0x000000, 0x000000, 0x000000, 0x000000, 0x000000, 0x000000, 0x000000, 0x000000, 0x000000, 0x000000, 0x000000, 0x000000, 0x000000, 0x000000, 0x000000, 0x000000, 0x000000, 0x000000, 0x000000, 0x000000, 0x000000, 0x000000, 0x000000,
  0x000000, 0x000000, 0x000000, 0x000000, 0x000000, 0x000000, 0x000000, 0x000000, 0x000000, 0x000000, 0x000000, 0x000000, 0x000000, 0x000000, 0x000000, 0x000000, 0x000000, 0x000000, 0x000000, 0x000000, 0x000000, 0x000000, 0x000000, 0x000000,
};

#define IC_EXPLORER_W 24
#define IC_EXPLORER_H 24
static const uint32_t ic_explorer[] PROGMEM = {
  0x000000, 0x000000, 0x000000, 0x000000, 0x000000, 0x000000, 0x000000, 0x000000, 0x000000, 0x000000, 0x000000, 0x000000, 0x000000, 0x000000, 0x000000, 0x000000, 0x000000, 0x000000, 0x000000, 0x000000, 0x000000, 0x000000, 0x000000, 0x000000,
  0x000000, 0x000000, 0x000000, 0x000000, 0x000000, 0x000000, 0x000000, 0x000000, 0x000000, 0x000000, 0x000000, 0x000000, 0x000000, 0x000000, 0x000000, 0x000000, 0x000000, 0x000000, 0x000000, 0x000000, 0x000000, 0x000000, 0x000000, 0x000000,
  0x000000, 0x000000, 0x000000, 0x000000, 0x000000, 0x000000, 0x000000, 0x000000, 0x000000, 0xe1e1e1, 0xe3e3e3, 0xe3e3e3, 0xe3e3e3, 0xe3e3e3, 0xe3e3e3, 0xe3e3e3, 0xe3e3e3, 0xe3e3e3, 0xe3e3e3, 0x000000, 0x000000, 0x000000, 0x000000, 0x000000,
  0x000000, 0x000000, 0x000000, 0x000000, 0x000000, 0x000000, 0x000000, 0x000000, 0xe1e1e1, 0xe3e3e3, 0xe3e3e3, 0xe3e3e3, 0xe3e3e3, 0xe3e3e3, 0xe3e3e3, 0xe3e3e3, 0xe3e3e3, 0xe3e3e3, 0xe3e3e3, 0xe3e3e3, 0x000000, 0x000000, 0x000000, 0x000000,
  0x000000, 0x000000, 0x000000, 0x000000, 0x000000, 0x000000, 0x000000, 0xe1e1e1, 0xe3e3e3, 0xe3e3e3, 0x000000, 0x000000, 0x000000, 0x000000, 0x000000, 0x000000, 0x000000, 0x000000, 0xe3e3e3, 0xe3e3e3, 0x000000, 0x000000, 0x000000, 0x000000,
  0x000000, 0x000000, 0x000000, 0x000000, 0x000000, 0x000000, 0xe1e1e1, 0xe3e3e3, 0xe3e3e3, 0x000000, 0x000000, 0x000000, 0x000000, 0x000000, 0x000000, 0x000000, 0x000000, 0x000000, 0xe3e3e3, 0xe3e3e3, 0x000000, 0x000000, 0x000000, 0x000000,
  0x000000, 0x000000, 0x000000, 0x000000, 0x000000, 0xe1e1e1, 0xe3e3e3, 0xe3e3e3, 0x000000, 0x000000, 0x000000, 0x000000, 0x000000, 0x000000, 0x000000, 0x000000, 0x000000, 0x000000, 0xe3e3e3, 0xe3e3e3, 0x000000, 0x000000, 0x000000, 0x000000,
  0x000000, 0x000000, 0x000000, 0x000000, 0xe1e1e1, 0xe3e3e3, 0xe3e3e3, 0x000000, 0x000000, 0xe3e3e3, 0xe3e3e3, 0x000000, 0xe3e3e3, 0xe3e3e3, 0x000000, 0xe3e3e3, 0xe3e3e3, 0x000000, 0xe3e3e3, 0xe3e3e3, 0x000000, 0x000000, 0x000000, 0x000000,
  0x000000, 0x000000, 0x000000, 0x000000, 0xe3e3e3, 0xe3e3e3, 0x000000, 0x000000, 0x000000, 0xe3e3e3, 0xe3e3e3, 0x000000, 0xe3e3e3, 0xe3e3e3, 0x000000, 0xe3e3e3, 0xe3e3e3, 0x000000, 0xe3e3e3, 0xe3e3e3, 0x000000, 0x000000, 0x000000, 0x000000,
  0x000000, 0x000000, 0x000000, 0x000000, 0xe3e3e3, 0xe3e3e3, 0x000000, 0x000000, 0x000000, 0xe3e3e3, 0xe3e3e3, 0x000000, 0xe3e3e3, 0xe3e3e3, 0x000000, 0xe3e3e3, 0xe3e3e3, 0x000000, 0xe3e3e3, 0xe3e3e3, 0x000000, 0x000000, 0x000000, 0x000000,
  0x000000, 0x000000, 0x000000, 0x000000, 0xe3e3e3, 0xe3e3e3, 0x000000, 0x000000, 0x000000, 0xe3e3e3, 0xe3e3e3, 0x000000, 0xe3e3e3, 0xe3e3e3, 0x000000, 0xe3e3e3, 0xe3e3e3, 0x000000, 0xe3e3e3, 0xe3e3e3, 0x000000, 0x000000, 0x000000, 0x000000,
  0x000000, 0x000000, 0x000000, 0x000000, 0xe3e3e3, 0xe3e3e3, 0x000000, 0x000000, 0x000000, 0x000000, 0x000000, 0x000000, 0x000000, 0x000000, 0x000000, 0x000000, 0x000000, 0x000000, 0xe3e3e3, 0xe3e3e3, 0x000000, 0x000000, 0x000000, 0x000000,
  0x000000, 0x000000, 0x000000, 0x000000, 0xe3e3e3, 0xe3e3e3, 0x000000, 0x000000, 0x000000, 0x000000, 0x000000, 0x000000, 0x000000, 0x000000, 0x000000, 0x000000, 0x000000, 0x000000, 0xe3e3e3, 0xe3e3e3, 0x000000, 0x000000, 0x000000, 0x000000,
  0x000000, 0x000000, 0x000000, 0x000000, 0xe3e3e3, 0xe3e3e3, 0x000000, 0x000000, 0x000000, 0x000000, 0x000000, 0x000000, 0x000000, 0x000000, 0x000000, 0x000000, 0x000000, 0x000000, 0xe3e3e3, 0xe3e3e3, 0x000000, 0x000000, 0x000000, 0x000000,
  0x000000, 0x000000, 0x000000, 0x000000, 0xe3e3e3, 0xe3e3e3, 0x000000, 0x000000, 0x000000, 0x000000, 0x000000, 0x000000, 0x000000, 0x000000, 0x000000, 0x000000, 0x000000, 0x000000, 0xe3e3e3, 0xe3e3e3, 0x000000, 0x000000, 0x000000, 0x000000,
  0x000000, 0x000000, 0x000000, 0x000000, 0xe3e3e3, 0xe3e3e3, 0x000000, 0x000000, 0x000000, 0x000000, 0x000000, 0x000000, 0x000000, 0x000000, 0x000000, 0x000000, 0x000000, 0x000000, 0xe3e3e3, 0xe3e3e3, 0x000000, 0x000000, 0x000000, 0x000000,
  0x000000, 0x000000, 0x000000, 0x000000, 0xe3e3e3, 0xe3e3e3, 0x000000, 0x000000, 0x000000, 0x000000, 0x000000, 0x000000, 0x000000, 0x000000, 0x000000, 0x000000, 0x000000, 0x000000, 0xe3e3e3, 0xe3e3e3, 0x000000, 0x000000, 0x000000, 0x000000,
  0x000000, 0x000000, 0x000000, 0x000000, 0xe3e3e3, 0xe3e3e3, 0x000000, 0x000000, 0x000000, 0x000000, 0x000000, 0x000000, 0x000000, 0x000000, 0x000000, 0x000000, 0x000000, 0x000000, 0xe3e3e3, 0xe3e3e3, 0x000000, 0x000000, 0x000000, 0x000000,
  0x000000, 0x000000, 0x000000, 0x000000, 0xe3e3e3, 0xe3e3e3, 0x000000, 0x000000, 0x000000, 0x000000, 0x000000, 0x000000, 0x000000, 0x000000, 0x000000, 0x000000, 0x000000, 0x000000, 0xe3e3e3, 0xe3e3e3, 0x000000, 0x000000, 0x000000, 0x000000,
  0x000000, 0x000000, 0x000000, 0x000000, 0xe3e3e3, 0xe3e3e3, 0x000000, 0x000000, 0x000000, 0x000000, 0x000000, 0x000000, 0x000000, 0x000000, 0x000000, 0x000000, 0x000000, 0x000000, 0xe3e3e3, 0xe3e3e3, 0x000000, 0x000000, 0x000000, 0x000000,
  0x000000, 0x000000, 0x000000, 0x000000, 0xe3e3e3, 0xe3e3e3, 0xe3e3e3, 0xe3e3e3, 0xe3e3e3, 0xe3e3e3, 0xe3e3e3, 0xe3e3e3, 0xe3e3e3, 0xe3e3e3, 0xe3e3e3, 0xe3e3e3, 0xe3e3e3, 0xe3e3e3, 0xe3e3e3, 0xe3e3e3, 0x000000, 0x000000, 0x000000, 0x000000,
  0x000000, 0x000000, 0x000000, 0x000000, 0x000000, 0xe3e3e3, 0xe3e3e3, 0xe3e3e3, 0xe3e3e3, 0xe3e3e3, 0xe3e3e3, 0xe3e3e3, 0xe3e3e3, 0xe3e3e3, 0xe3e3e3, 0xe3e3e3, 0xe3e3e3, 0xe3e3e3, 0xe3e3e3, 0x000000, 0x000000, 0x000000, 0x000000, 0x000000,
  0x000000, 0x000000, 0x000000, 0x000000, 0x000000, 0x000000, 0x000000, 0x000000, 0x000000, 0x000000, 0x000000, 0x000000, 0x000000, 0x000000, 0x000000, 0x000000, 0x000000, 0x000000, 0x000000, 0x000000, 0x000000, 0x000000, 0x000000, 0x000000,
  0x000000, 0x000000, 0x000000, 0x000000, 0x000000, 0x000000, 0x000000, 0x000000, 0x000000, 0x000000, 0x000000, 0x000000, 0x000000, 0x000000, 0x000000, 0x000000, 0x000000, 0x000000, 0x000000, 0x000000, 0x000000, 0x000000, 0x000000, 0x000000,
};

#define IC_FILES_W 24
#define IC_FILES_H 24
static const uint32_t ic_files[] PROGMEM = {
  0x000000, 0x000000, 0x000000, 0x000000, 0x000000, 0x000000, 0x000000, 0x000000, 0x000000, 0x000000, 0x000000, 0x000000, 0x000000, 0x000000, 0x000000, 0x000000, 0x000000, 0x000000, 0x000000, 0x000000, 0x000000, 0x000000, 0x000000, 0x000000,
  0x000000, 0x000000, 0x000000, 0x000000, 0x000000, 0x000000, 0x000000, 0x000000, 0x000000, 0x000000, 0x000000, 0x000000, 0x000000, 0x000000, 0x000000, 0x000000, 0x000000, 0x000000, 0x000000, 0x000000, 0x000000, 0x000000, 0x000000, 0x000000,
  0x000000, 0x000000, 0x000000, 0x000000, 0x000000, 0x000000, 0x000000, 0x000000, 0x000000, 0x000000, 0x000000, 0x000000, 0x000000, 0x000000, 0x000000, 0x000000, 0x000000, 0x000000, 0x000000, 0x000000, 0x000000, 0x000000, 0x000000, 0x000000,
  0x000000, 0x000000, 0x000000, 0x000000, 0x000000, 0x000000, 0x000000, 0x000000, 0x000000, 0x000000, 0x000000, 0x000000, 0x000000, 0x000000, 0x000000, 0x000000, 0x000000, 0x000000, 0x000000, 0x000000, 0x000000, 0x000000, 0x000000, 0x000000,
  0x000000, 0x000000, 0x000000, 0x000000, 0x000000, 0x000000, 0x000000, 0x000000, 0x000000, 0x000000, 0x000000, 0xffffff, 0xffffff, 0xffffff, 0xffffff, 0xffffff, 0xffffff, 0xffffff, 0xffffff, 0xffffff, 0xffffff, 0x000000, 0x000000, 0x000000,
  0x000000, 0x000000, 0x000000, 0x000000, 0x000000, 0x000000, 0x000000, 0x000000, 0x000000, 0x000000, 0xffffff, 0xffffff, 0xffffff, 0xffffff, 0xffffff, 0xffffff, 0xffffff, 0xffffff, 0xffffff, 0xffffff, 0xffffff, 0xffffff, 0x000000, 0x000000,
  0x000000, 0x000000, 0x000000, 0xffffff, 0xffffff, 0xffffff, 0xffffff, 0xffffff, 0xffffff, 0xffffff, 0xffffff, 0xffffff, 0xffffff, 0x000000, 0x000000, 0x000000, 0x000000, 0x000000, 0x000000, 0x000000, 0xffffff, 0xffffff, 0x000000, 0x000000,
  0x000000, 0x000000, 0xffffff, 0xffffff, 0xffffff, 0xffffff, 0xffffff, 0xffffff, 0xffffff, 0xffffff, 0xffffff, 0xffffff, 0xffffff, 0x000000, 0x000000, 0x000000, 0x000000, 0x000000, 0x000000, 0x000000, 0xffffff, 0xffffff, 0x000000, 0x000000,
  0x000000, 0x000000, 0xffffff, 0xffffff, 0x000000, 0x000000, 0x000000, 0xffffff, 0xffffff, 0xffffff, 0x000000, 0xffffff, 0xffffff, 0x000000, 0x000000, 0x000000, 0x000000, 0x000000, 0x000000, 0x000000, 0xffffff, 0xffffff, 0x000000, 0x000000,
  0x000000, 0x000000, 0xffffff, 0xffffff, 0x000000, 0x000000, 0xffffff, 0xffffff, 0xffffff, 0x000000, 0x000000, 0xffffff, 0xffffff, 0x000000, 0x000000, 0x000000, 0x000000, 0x000000, 0x000000, 0x000000, 0xffffff, 0xffffff, 0x000000, 0x000000,
  0x000000, 0x000000, 0xffffff, 0xffffff, 0x000000, 0xffffff, 0xffffff, 0xffffff, 0x000000, 0x000000, 0x000000, 0xffffff, 0xffffff, 0x000000, 0x000000, 0x000000, 0x000000, 0x000000, 0x000000, 0x000000, 0xffffff, 0xffffff, 0x000000, 0x000000,
  0x000000, 0x000000, 0xffffff, 0xffffff, 0xffffff, 0xffffff, 0xffffff, 0x000000, 0x000000, 0x000000, 0x000000, 0xffffff, 0xffffff, 0x000000, 0x000000, 0x000000, 0x000000, 0x000000, 0x000000, 0x000000, 0xffffff, 0xffffff, 0x000000, 0x000000,
  0x000000, 0x000000, 0xffffff, 0xffffff, 0xffffff, 0xffffff, 0x000000, 0x000000, 0x000000, 0x000000, 0x000000, 0xffffff, 0xffffff, 0x000000, 0x000000, 0x000000, 0x000000, 0x000000, 0x000000, 0x000000, 0xffffff, 0xffffff, 0x000000, 0x000000,
  0x000000, 0x000000, 0xffffff, 0xffffff, 0xffffff, 0xffffff, 0xffffff, 0xffffff, 0xffffff, 0xffffff, 0xffffff, 0xffffff, 0xffffff, 0x000000, 0x000000, 0x000000, 0x000000, 0x000000, 0x000000, 0x000000, 0xffffff, 0xffffff, 0x000000, 0x000000,
  0x000000, 0x000000, 0xffffff, 0xffffff, 0xffffff, 0xffffff, 0xffffff, 0xffffff, 0xffffff, 0xffffff, 0xffffff, 0xffffff, 0x000000, 0x000000, 0x000000, 0x000000, 0x000000, 0x000000, 0x000000, 0x000000, 0xffffff, 0xffffff, 0x000000, 0x000000,
  0x000000, 0x000000, 0xffffff, 0xffffff, 0x000000, 0x000000, 0x000000, 0x000000, 0x000000, 0x000000, 0x000000, 0x000000, 0x000000, 0x000000, 0x000000, 0x000000, 0x000000, 0x000000, 0x000000, 0x000000, 0xffffff, 0xffffff, 0x000000, 0x000000,
  0x000000, 0x000000, 0xffffff, 0xffffff, 0x000000, 0x000000, 0x000000, 0x000000, 0x000000, 0x000000, 0x000000, 0x000000, 0x000000, 0x000000, 0x000000, 0x000000, 0x000000, 0x000000, 0x000000, 0x000000, 0xffffff, 0xffffff, 0x000000, 0x000000,
  0x000000, 0x000000, 0xffffff, 0xffffff, 0x000000, 0x000000, 0x000000, 0x000000, 0x000000, 0x000000, 0x000000, 0x000000, 0x000000, 0x000000, 0x000000, 0x000000, 0x000000, 0x000000, 0x000000, 0x000000, 0xffffff, 0xffffff, 0x000000, 0x000000,
  0x000000, 0x000000, 0xffffff, 0xffffff, 0xffffff, 0xffffff, 0xffffff, 0xffffff, 0xffffff, 0xffffff, 0xffffff, 0xffffff, 0xffffff, 0xffffff, 0xffffff, 0xffffff, 0xffffff, 0xffffff, 0xffffff, 0xffffff, 0xffffff, 0xffffff, 0x000000, 0x000000,
  0x000000, 0x000000, 0x000000, 0xffffff, 0xffffff, 0xffffff, 0xffffff, 0xffffff, 0xffffff, 0xffffff, 0xffffff, 0xffffff, 0xffffff, 0xffffff, 0xffffff, 0xffffff, 0xffffff, 0xffffff, 0xffffff, 0xffffff, 0xffffff, 0x000000, 0x000000, 0x000000,
  0x000000, 0x000000, 0x000000, 0x000000, 0x000000, 0x000000, 0x000000, 0x000000, 0x000000, 0x000000, 0x000000, 0x000000, 0x000000, 0x000000, 0x000000, 0x000000, 0x000000, 0x000000, 0x000000, 0x000000, 0x000000, 0x000000, 0x000000, 0x000000,
  0x000000, 0x000000, 0x000000, 0x000000, 0x000000, 0x000000, 0x000000, 0x000000, 0x000000, 0x000000, 0x000000, 0x000000, 0x000000, 0x000000, 0x000000, 0x000000, 0x000000, 0x000000, 0x000000, 0x000000, 0x000000, 0x000000, 0x000000, 0x000000,
  0x000000, 0x000000, 0x000000, 0x000000, 0x000000, 0x000000, 0x000000, 0x000000, 0x000000, 0x000000, 0x000000, 0x000000, 0x000000, 0x000000, 0x000000, 0x000000, 0x000000, 0x000000, 0x000000, 0x000000, 0x000000, 0x000000, 0x000000, 0x000000,
  0x000000, 0x000000, 0x000000, 0x000000, 0x000000, 0x000000, 0x000000, 0x000000, 0x000000, 0x000000, 0x000000, 0x000000, 0x000000, 0x000000, 0x000000, 0x000000, 0x000000, 0x000000, 0x000000, 0x000000, 0x000000, 0x000000, 0x000000, 0x000000,
};

#define IC_JS_W 24
#define IC_JS_H 24
static const uint32_t ic_js[] PROGMEM = {
  0x000000, 0x000000, 0x000000, 0x000000, 0x000000, 0x000000, 0x000000, 0x000000, 0x000000, 0x000000, 0x000000, 0x000000, 0x000000, 0x000000, 0x000000, 0x000000, 0x000000, 0x000000, 0x000000, 0x000000, 0x000000, 0x000000, 0x000000, 0x000000,
  0x000000, 0x000000, 0x000000, 0x000000, 0x000000, 0x000000, 0x000000, 0x000000, 0x000000, 0x000000, 0x000000, 0x000000, 0x000000, 0x000000, 0x000000, 0x000000, 0x000000, 0x000000, 0x000000, 0x000000, 0x000000, 0x000000, 0x000000, 0x000000,
  0x000000, 0x000000, 0x000000, 0x000000, 0x000000, 0x000000, 0x000000, 0x000000, 0x000000, 0x000000, 0x000000, 0x000000, 0x000000, 0x000000, 0x000000, 0x000000, 0x000000, 0x000000, 0x000000, 0x000000, 0x000000, 0x000000, 0x000000, 0x000000,
  0x000000, 0x000000, 0x000000, 0x000000, 0x000000, 0x000000, 0x000000, 0x000000, 0x000000, 0x000000, 0x000000, 0x000000, 0x000000, 0x000000, 0x000000, 0x000000, 0x000000, 0x000000, 0x000000, 0x000000, 0x000000, 0x000000, 0x000000, 0x000000,
  0x000000, 0x000000, 0x000000, 0x000000, 0x000000, 0x000000, 0x000000, 0x000000, 0x000000, 0x000000, 0x000000, 0x000000, 0x000000, 0x000000, 0x000000, 0x000000, 0x000000, 0x000000, 0x000000, 0x000000, 0x000000, 0x000000, 0x000000, 0x000000,
  0x000000, 0x000000, 0x000000, 0x000000, 0x000000, 0x000000, 0x000000, 0x000000, 0x000000, 0x000000, 0x000000, 0x000000, 0x000000, 0x000000, 0x000000, 0x000000, 0x000000, 0x000000, 0x000000, 0x000000, 0x000000, 0x000000, 0x000000, 0x000000,
  0x000000, 0x000000, 0x000000, 0x000000, 0x000000, 0x000000, 0x000000, 0x000000, 0x000000, 0x000000, 0x000000, 0x000000, 0x000000, 0x000000, 0x000000, 0x000000, 0x000000, 0x000000, 0x000000, 0x000000, 0x000000, 0x000000, 0x000000, 0x000000,
  0x000000, 0x000000, 0x000000, 0x000000, 0x000000, 0x000000, 0x000000, 0x000000, 0x000000, 0x000000, 0x000000, 0x000000, 0x000000, 0x000000, 0x000000, 0x000000, 0x000000, 0x000000, 0x000000, 0x000000, 0x000000, 0x000000, 0x000000, 0x000000,
  0x000000, 0x000000, 0x000000, 0x000000, 0x000000, 0x000000, 0x000000, 0x000000, 0x000000, 0x000000, 0x000000, 0x000000, 0x000000, 0x000000, 0x000000, 0x000000, 0x000000, 0x000000, 0x000000, 0x000000, 0x000000, 0x000000, 0x000000, 0x000000,
  0x000000, 0x000000, 0x000000, 0x000000, 0x000000, 0x000000, 0x000000, 0x000000, 0x000000, 0xffffff, 0xffffff, 0x000000, 0xffffff, 0xffffff, 0xffffff, 0xffffff, 0xffffff, 0x000000, 0x000000, 0x000000, 0x000000, 0x000000, 0x000000, 0x000000,
  0x000000, 0x000000, 0x000000, 0x000000, 0x000000, 0x000000, 0x000000, 0x000000, 0x000000, 0xffffff, 0xffffff, 0x000000, 0xffffff, 0xffffff, 0xffffff, 0xffffff, 0xffffff, 0x000000, 0x000000, 0x000000, 0x000000, 0x000000, 0x000000, 0x000000,
  0x000000, 0x000000, 0x000000, 0x000000, 0x000000, 0x000000, 0x000000, 0x000000, 0x000000, 0xffffff, 0xffffff, 0x000000, 0xffffff, 0xffffff, 0xffffff, 0xffffff, 0x000000, 0x000000, 0x000000, 0x000000, 0x000000, 0x000000, 0x000000, 0x000000,
  0x000000, 0x000000, 0x000000, 0x000000, 0x000000, 0x000000, 0xffffff, 0x000000, 0x000000, 0xffffff, 0xffffff, 0x000000, 0x000000, 0xffffff, 0xffffff, 0xffffff, 0xffffff, 0x000000, 0x000000, 0x000000, 0x000000, 0x000000, 0x000000, 0x000000,
  0x000000, 0x000000, 0x000000, 0x000000, 0x000000, 0x000000, 0xffffff, 0xffffff, 0xffffff, 0xffffff, 0x000000, 0x000000, 0xffffff, 0xffffff, 0xffffff, 0xffffff, 0xffffff, 0x000000, 0x000000, 0x000000, 0x000000, 0x000000, 0x000000, 0x000000,
  0x000000, 0x000000, 0x000000, 0x000000, 0x000000, 0x000000, 0xffffff, 0xffffff, 0xffffff, 0xffffff, 0x000000, 0x000000, 0xffffff, 0xffffff, 0xffffff, 0xffffff, 0xffffff, 0x000000, 0x000000, 0x000000, 0x000000, 0x000000, 0x000000, 0x000000,
  0x000000, 0x000000, 0x000000, 0x000000, 0x000000, 0x000000, 0x000000, 0x000000, 0x000000, 0x000000, 0x000000, 0x000000, 0x000000, 0x000000, 0x000000, 0x000000, 0x000000, 0x000000, 0x000000, 0x000000, 0x000000, 0x000000, 0x000000, 0x000000,
  0x000000, 0x000000, 0x000000, 0x000000, 0x000000, 0x000000, 0x000000, 0x000000, 0x000000, 0x000000, 0x000000, 0x000000, 0x000000, 0x000000, 0x000000, 0x000000, 0x000000, 0x000000, 0x000000, 0x000000, 0x000000, 0x000000, 0x000000, 0x000000,
  0x000000, 0x000000, 0x000000, 0x000000, 0x000000, 0x000000, 0x000000, 0x000000, 0x000000, 0x000000, 0x000000, 0x000000, 0x000000, 0x000000, 0x000000, 0x000000, 0x000000, 0x000000, 0x000000, 0x000000, 0x000000, 0x000000, 0x000000, 0x000000,
  0x000000, 0x000000, 0x000000, 0x000000, 0x000000, 0x000000, 0x000000, 0x000000, 0x000000, 0x000000, 0x000000, 0x000000, 0x000000, 0x000000, 0x000000, 0x000000, 0x000000, 0x000000, 0x000000, 0x000000, 0x000000, 0x000000, 0x000000, 0x000000,
  0x000000, 0x000000, 0x000000, 0x000000, 0x000000, 0x000000, 0x000000, 0x000000, 0x000000, 0x000000, 0x000000, 0x000000, 0x000000, 0x000000, 0x000000, 0x000000, 0x000000, 0x000000, 0x000000, 0x000000, 0x000000, 0x000000, 0x000000, 0x000000,
  0x000000, 0x000000, 0x000000, 0x000000, 0x000000, 0x000000, 0x000000, 0x000000, 0x000000, 0x000000, 0x000000, 0x000000, 0x000000, 0x000000, 0x000000, 0x000000, 0x000000, 0x000000, 0x000000, 0x000000, 0x000000, 0x000000, 0x000000, 0x000000,
  0x000000, 0x000000, 0x000000, 0x000000, 0x000000, 0x000000, 0x000000, 0x000000, 0x000000, 0x000000, 0x000000, 0x000000, 0x000000, 0x000000, 0x000000, 0x000000, 0x000000, 0x000000, 0x000000, 0x000000, 0x000000, 0x000000, 0x000000, 0x000000,
  0x000000, 0x000000, 0x000000, 0x000000, 0x000000, 0x000000, 0x000000, 0x000000, 0x000000, 0x000000, 0x000000, 0x000000, 0x000000, 0x000000, 0x000000, 0x000000, 0x000000, 0x000000, 0x000000, 0x000000, 0x000000, 0x000000, 0x000000, 0x000000,
  0x000000, 0x000000, 0x000000, 0x000000, 0x000000, 0x000000, 0x000000, 0x000000, 0x000000, 0x000000, 0x000000, 0x000000, 0x000000, 0x000000, 0x000000, 0x000000, 0x000000, 0x000000, 0x000000, 0x000000, 0x000000, 0x000000, 0x000000, 0x000000,
};

#define IC_JSON_W 24
#define IC_JSON_H 24
static const uint32_t ic_json[] PROGMEM = {
  0x000000, 0x000000, 0x000000, 0x000000, 0x000000, 0x000000, 0x000000, 0x000000, 0x000000, 0x000000, 0x000000, 0x000000, 0x000000, 0x000000, 0x000000, 0x000000, 0x000000, 0x000000, 0x000000, 0x000000, 0x000000, 0x000000, 0x000000, 0x000000,
  0x000000, 0x000000, 0x000000, 0x000000, 0x000000, 0x000000, 0x000000, 0x000000, 0x000000, 0x000000, 0x000000, 0x000000, 0x000000, 0x000000, 0x000000, 0x000000, 0x000000, 0x000000, 0x000000, 0x000000, 0x000000, 0x000000, 0x000000, 0x000000,
  0x000000, 0x000000, 0x000000, 0x000000, 0x000000, 0x000000, 0x000000, 0x000000, 0x000000, 0x000000, 0x000000, 0x000000, 0x000000, 0x000000, 0x000000, 0x000000, 0x000000, 0x000000, 0x000000, 0x000000, 0x000000, 0x000000, 0x000000, 0x000000,
  0x000000, 0x000000, 0x000000, 0x000000, 0x000000, 0x000000, 0x000000, 0x000000, 0x000000, 0x000000, 0x000000, 0x000000, 0x000000, 0x000000, 0x000000, 0x000000, 0x000000, 0x000000, 0x000000, 0x000000, 0x000000, 0x000000, 0x000000, 0x000000,
  0x000000, 0x000000, 0xffffff, 0xffffff, 0xffffff, 0xffffff, 0xffffff, 0xffffff, 0xffffff, 0xffffff, 0xffffff, 0xffffff, 0xffffff, 0xffffff, 0xffffff, 0xffffff, 0xffffff, 0xffffff, 0xffffff, 0xffffff, 0xffffff, 0xffffff, 0x000000, 0x000000,
  0x000000, 0xffffff, 0xffffff, 0xffffff, 0xffffff, 0xffffff, 0xffffff, 0xffffff, 0xffffff, 0xffffff, 0xffffff, 0xffffff, 0xffffff, 0xffffff, 0xffffff, 0xffffff, 0xffffff, 0xffffff, 0xffffff, 0xffffff, 0xffffff, 0xffffff, 0xffffff, 0x000000,
  0x000000, 0xffffff, 0xffffff, 0x000000, 0x000000, 0x000000, 0x000000, 0x000000, 0x000000, 0x000000, 0x000000, 0x000000, 0x000000, 0x000000, 0x000000, 0x000000, 0x000000, 0x000000, 0x000000, 0x000000, 0x000000, 0xffffff, 0xffffff, 0x000000,
  0x000000, 0xffffff, 0xffffff, 0x000000, 0x000000, 0x000000, 0x000000, 0x000000, 0x000000, 0x000000, 0x000000, 0x000000, 0x000000, 0x000000, 0x000000, 0x000000, 0x000000, 0x000000, 0x000000, 0x000000, 0x000000, 0xffffff, 0xffffff, 0x000000,
  0x000000, 0xffffff, 0xffffff, 0x000000, 0x000000, 0x000000, 0x000000, 0x000000, 0x000000, 0x000000, 0x000000, 0x000000, 0x000000, 0x000000, 0x000000, 0x000000, 0x000000, 0x000000, 0x000000, 0x000000, 0x000000, 0xffffff, 0xffffff, 0x000000,
  0x000000, 0xffffff, 0xffffff, 0x000000, 0x000000, 0x000000, 0xffffff, 0xffffff, 0xffffff, 0xffffff, 0xffffff, 0x000000, 0x000000, 0xffffff, 0xffffff, 0xffffff, 0xffffff, 0xffffff, 0x000000, 0xffffff, 0x000000, 0xffffff, 0xffffff, 0x000000,
  0x000000, 0xffffff, 0xffffff, 0x000000, 0x000000, 0x000000, 0xffffff, 0xffffff, 0xffffff, 0xffffff, 0xffffff, 0xffffff, 0xffffff, 0xffffff, 0xffffff, 0xffffff, 0xffffff, 0xffffff, 0xffffff, 0xffffff, 0x000000, 0xffffff, 0xffffff, 0x000000,
  0x000000, 0xffffff, 0xffffff, 0x000000, 0x000000, 0x000000, 0xffffff, 0xffffff, 0xffffff, 0xffffff, 0xffffff, 0x000000, 0xffffff, 0xffffff, 0x000000, 0xffffff, 0xffffff, 0xffffff, 0xffffff, 0xffffff, 0x000000, 0xffffff, 0xffffff, 0x000000,
  0x000000, 0xffffff, 0xffffff, 0x000000, 0xffffff, 0x000000, 0xffffff, 0xffffff, 0x000000, 0xffffff, 0xffffff, 0xffffff, 0xffffff, 0xffffff, 0x000000, 0xffffff, 0xffffff, 0xffffff, 0xffffff, 0xffffff, 0x000000, 0xffffff, 0xffffff, 0x000000,
  0x000000, 0xffffff, 0xffffff, 0x000000, 0xffffff, 0x000000, 0xffffff, 0xffffff, 0xffffff, 0x000000, 0xffffff, 0xffffff, 0xffffff, 0xffffff, 0xffffff, 0xffffff, 0xffffff, 0xffffff, 0xffffff, 0xffffff, 0x000000, 0xffffff, 0xffffff, 0x000000,
  0x000000, 0xffffff, 0xffffff, 0x000000, 0xffffff, 0xffffff, 0xffffff, 0x000000, 0xffffff, 0xffffff, 0xffffff, 0x000000, 0x000000, 0xffffff, 0xffffff, 0xffffff, 0xffffff, 0xffffff, 0x000000, 0xffffff, 0x000000, 0xffffff, 0xffffff, 0x000000,
  0x000000, 0xffffff, 0xffffff, 0x000000, 0x000000, 0x000000, 0x000000, 0x000000, 0x000000, 0x000000, 0x000000, 0x000000, 0x000000, 0x000000, 0x000000, 0x000000, 0x000000, 0x000000, 0x000000, 0x000000, 0x000000, 0xffffff, 0xffffff, 0x000000,
  0x000000, 0xffffff, 0xffffff, 0x000000, 0x000000, 0x000000, 0x000000, 0x000000, 0x000000, 0x000000, 0x000000, 0x000000, 0x000000, 0x000000, 0x000000, 0x000000, 0x000000, 0x000000, 0x000000, 0x000000, 0x000000, 0xffffff, 0xffffff, 0x000000,
  0x000000, 0xffffff, 0xffffff, 0x000000, 0x000000, 0x000000, 0x000000, 0x000000, 0x000000, 0x000000, 0x000000, 0x000000, 0x000000, 0x000000, 0x000000, 0x000000, 0x000000, 0x000000, 0x000000, 0x000000, 0x000000, 0xffffff, 0xffffff, 0x000000,
  0x000000, 0xffffff, 0xffffff, 0xffffff, 0xffffff, 0xffffff, 0xffffff, 0xffffff, 0xffffff, 0xffffff, 0xffffff, 0xffffff, 0xffffff, 0xffffff, 0xffffff, 0xffffff, 0xffffff, 0xffffff, 0xffffff, 0xffffff, 0xffffff, 0xffffff, 0xffffff, 0x000000,
  0x000000, 0x000000, 0xffffff, 0xffffff, 0xffffff, 0xffffff, 0xffffff, 0xffffff, 0xffffff, 0xffffff, 0xffffff, 0xffffff, 0xffffff, 0xffffff, 0xffffff, 0xffffff, 0xffffff, 0xffffff, 0xffffff, 0xffffff, 0xffffff, 0xffffff, 0x000000, 0x000000,
  0x000000, 0x000000, 0x000000, 0x000000, 0x000000, 0x000000, 0x000000, 0x000000, 0x000000, 0x000000, 0x000000, 0x000000, 0x000000, 0x000000, 0x000000, 0x000000, 0x000000, 0x000000, 0x000000, 0x000000, 0x000000, 0x000000, 0x000000, 0x000000,
  0x000000, 0x000000, 0x000000, 0x000000, 0x000000, 0x000000, 0x000000, 0x000000, 0x000000, 0x000000, 0x000000, 0x000000, 0x000000, 0x000000, 0x000000, 0x000000, 0x000000, 0x000000, 0x000000, 0x000000, 0x000000, 0x000000, 0x000000, 0x000000,
  0x000000, 0x000000, 0x000000, 0x000000, 0x000000, 0x000000, 0x000000, 0x000000, 0x000000, 0x000000, 0x000000, 0x000000, 0x000000, 0x000000, 0x000000, 0x000000, 0x000000, 0x000000, 0x000000, 0x000000, 0x000000, 0x000000, 0x000000, 0x000000,
  0x000000, 0x000000, 0x000000, 0x000000, 0x000000, 0x000000, 0x000000, 0x000000, 0x000000, 0x000000, 0x000000, 0x000000, 0x000000, 0x000000, 0x000000, 0x000000, 0x000000, 0x000000, 0x000000, 0x000000, 0x000000, 0x000000, 0x000000, 0x000000,
};

#define IC_PAINT_W 24
#define IC_PAINT_H 24
static const uint32_t ic_paint[] PROGMEM = {
  0x000000, 0x000000, 0x000000, 0x000000, 0x000000, 0x000000, 0x000000, 0x000000, 0x000000, 0x000000, 0x000000, 0x000000, 0x000000, 0x000000, 0x000000, 0x000000, 0x000000, 0x000000, 0x000000, 0x000000, 0x000000, 0x000000, 0x000000, 0x000000,
  0x000000, 0x000000, 0x000000, 0x000000, 0x000000, 0x000000, 0x000000, 0x000000, 0x000000, 0x000000, 0x000000, 0x000000, 0x000000, 0x000000, 0x000000, 0x000000, 0x000000, 0x000000, 0x000000, 0x000000, 0x000000, 0x000000, 0x000000, 0x000000,
  0x000000, 0x000000, 0x000000, 0x000000, 0x000000, 0x000000, 0x000000, 0x000000, 0x000000, 0x000000, 0x000000, 0x000000, 0x000000, 0x000000, 0x000000, 0x000000, 0x000000, 0x000000, 0x000000, 0x000000, 0x000000, 0x000000, 0x000000, 0x000000,
  0x000000, 0x000000, 0x000000, 0x000000, 0x000000, 0x000000, 0xe3e3e3, 0xe3e3e3, 0xe3e3e3, 0xe3e3e3, 0xe3e3e3, 0xe3e3e3, 0xe3e3e3, 0xe3e3e3, 0xe3e3e3, 0xe3e3e3, 0xe3e3e3, 0xe3e3e3, 0xe3e3e3, 0xe3e3e3, 0x000000, 0x000000, 0x000000, 0x000000,
  0x000000, 0x000000, 0x000000, 0x000000, 0x000000, 0xe3e3e3, 0xe3e3e3, 0xe3e3e3, 0xe3e3e3, 0xe3e3e3, 0xe3e3e3, 0xe3e3e3, 0xe3e3e3, 0xe3e3e3, 0xe3e3e3, 0xe3e3e3, 0xe3e3e3, 0xe3e3e3, 0xe3e3e3, 0xe3e3e3, 0x000000, 0x000000, 0x000000, 0x000000,
  0x000000, 0x000000, 0x000000, 0x000000, 0xe3e3e3, 0xe3e3e3, 0xe3e3e3, 0x000000, 0x000000, 0x000000, 0x000000, 0x000000, 0xe3e3e3, 0xe3e3e3, 0x000000, 0xe3e3e3, 0xe3e3e3, 0x000000, 0xe3e3e3, 0xe3e3e3, 0x000000, 0x000000, 0x000000, 0x000000,
  0x000000, 0x000000, 0x000000, 0x000000, 0xe3e3e3, 0xe3e3e3, 0x000000, 0x000000, 0x000000, 0x000000, 0x000000, 0x000000, 0xe3e3e3, 0xe3e3e3, 0x000000, 0xe3e3e3, 0xe3e3e3, 0x000000, 0xe3e3e3, 0xe3e3e3, 0x000000, 0x000000, 0x000000, 0x000000,
  0x000000, 0x000000, 0x000000, 0x000000, 0xe3e3e3, 0xe3e3e3, 0x000000, 0x000000, 0x000000, 0x000000, 0x000000, 0x000000, 0x000000, 0x000000, 0x000000, 0xe3e3e3, 0xe3e3e3, 0x000000, 0xe3e3e3, 0xe3e3e3, 0x000000, 0x000000, 0x000000, 0x000000,
  0x000000, 0x000000, 0x000000, 0x000000, 0xe3e3e3, 0xe3e3e3, 0x000000, 0x000000, 0x000000, 0x000000, 0x000000, 0x000000, 0x000000, 0x000000, 0x000000, 0xe3e3e3, 0xe3e3e3, 0x000000, 0xe3e3e3, 0xe3e3e3, 0x000000, 0x000000, 0x000000, 0x000000,
  0x000000, 0x000000, 0x000000, 0x000000, 0xe3e3e3, 0xe3e3e3, 0x000000, 0x000000, 0x000000, 0x000000, 0x000000, 0x000000, 0x000000, 0x000000, 0x000000, 0x000000, 0x000000, 0x000000, 0xe3e3e3, 0xe3e3e3, 0x000000, 0x000000, 0x000000, 0x000000,
  0x000000, 0x000000, 0x000000, 0x000000, 0xe3e3e3, 0xe3e3e3, 0xe3e3e3, 0xe3e3e3, 0xe3e3e3, 0xe3e3e3, 0xe3e3e3, 0xe3e3e3, 0xe3e3e3, 0xe3e3e3, 0xe3e3e3, 0xe3e3e3, 0xe3e3e3, 0xe3e3e3, 0xe3e3e3, 0xe3e3e3, 0x000000, 0x000000, 0x000000, 0x000000,
  0x000000, 0x000000, 0x000000, 0x000000, 0xe3e3e3, 0xe3e3e3, 0xe3e3e3, 0xe3e3e3, 0xe3e3e3, 0xe3e3e3, 0xe3e3e3, 0xe3e3e3, 0xe3e3e3, 0xe3e3e3, 0xe3e3e3, 0xe3e3e3, 0xe3e3e3, 0xe3e3e3, 0xe3e3e3, 0xe3e3e3, 0x000000, 0x000000, 0x000000, 0x000000,
  0x000000, 0x000000, 0x000000, 0x000000, 0xe3e3e3, 0xe3e3e3, 0x000000, 0x000000, 0x000000, 0x000000, 0x000000, 0x000000, 0x000000, 0x000000, 0x000000, 0x000000, 0x000000, 0x000000, 0xe3e3e3, 0xe3e3e3, 0x000000, 0x000000, 0x000000, 0x000000,
  0x000000, 0x000000, 0x000000, 0x000000, 0xe3e3e3, 0xe3e3e3, 0x000000, 0x000000, 0x000000, 0x000000, 0x000000, 0x000000, 0x000000, 0x000000, 0x000000, 0x000000, 0x000000, 0x000000, 0xe3e3e3, 0xe3e3e3, 0x000000, 0x000000, 0x000000, 0x000000,
  0x000000, 0x000000, 0x000000, 0x000000, 0xe3e3e3, 0xe3e3e3, 0xe3e3e3, 0xe3e3e3, 0xe3e3e3, 0xe3e3e3, 0xe3e3e3, 0xe3e3e3, 0xe3e3e3, 0xe3e3e3, 0xe3e3e3, 0xe3e3e3, 0xe3e3e3, 0xe3e3e3, 0xe3e3e3, 0xe3e3e3, 0x000000, 0x000000, 0x000000, 0x000000,
  0x000000, 0x000000, 0x000000, 0x000000, 0x000000, 0xe3e3e3, 0xe3e3e3, 0xe3e3e3, 0xe3e3e3, 0xe3e3e3, 0xe3e3e3, 0xe3e3e3, 0xe3e3e3, 0xe3e3e3, 0xe3e3e3, 0xe3e3e3, 0xe3e3e3, 0xe3e3e3, 0xe3e3e3, 0x000000, 0x000000, 0x000000, 0x000000, 0x000000,
  0x000000, 0x000000, 0x000000, 0x000000, 0x000000, 0x000000, 0x000000, 0x000000, 0x000000, 0xe3e3e3, 0xe3e3e3, 0xe3e3e3, 0xe3e3e3, 0xe3e3e3, 0xe3e3e3, 0x000000, 0x000000, 0x000000, 0x000000, 0x000000, 0x000000, 0x000000, 0x000000, 0x000000,
  0x000000, 0x000000, 0x000000, 0x000000, 0x000000, 0x000000, 0x000000, 0x000000, 0x000000, 0xe3e3e3, 0xe3e3e3, 0xe3e3e3, 0xe3e3e3, 0xe3e3e3, 0xe3e3e3, 0x000000, 0x000000, 0x000000, 0x000000, 0x000000, 0x000000, 0x000000, 0x000000, 0x000000,
  0x000000, 0x000000, 0x000000, 0x000000, 0x000000, 0x000000, 0x000000, 0x000000, 0x000000, 0xe3e3e3, 0xe3e3e3, 0xe3e3e3, 0xe3e3e3, 0xe3e3e3, 0xe3e3e3, 0x000000, 0x000000, 0x000000, 0x000000, 0x000000, 0x000000, 0x000000, 0x000000, 0x000000,
  0x000000, 0x000000, 0x000000, 0x000000, 0x000000, 0x000000, 0x000000, 0x000000, 0x000000, 0xe3e3e3, 0xe3e3e3, 0xe3e3e3, 0xe3e3e3, 0xe3e3e3, 0xe3e3e3, 0x000000, 0x000000, 0x000000, 0x000000, 0x000000, 0x000000, 0x000000, 0x000000, 0x000000,
  0x000000, 0x000000, 0x000000, 0x000000, 0x000000, 0x000000, 0x000000, 0x000000, 0x000000, 0xe3e3e3, 0xe3e3e3, 0xe3e3e3, 0xe3e3e3, 0xe3e3e3, 0xe3e3e3, 0x000000, 0x000000, 0x000000, 0x000000, 0x000000, 0x000000, 0x000000, 0x000000, 0x000000,
  0x000000, 0x000000, 0x000000, 0x000000, 0x000000, 0x000000, 0x000000, 0x000000, 0x000000, 0x000000, 0xe3e3e3, 0xe3e3e3, 0xe3e3e3, 0xe3e3e3, 0x000000, 0x000000, 0x000000, 0x000000, 0x000000, 0x000000, 0x000000, 0x000000, 0x000000, 0x000000,
  0x000000, 0x000000, 0x000000, 0x000000, 0x000000, 0x000000, 0x000000, 0x000000, 0x000000, 0x000000, 0x000000, 0x000000, 0x000000, 0x000000, 0x000000, 0x000000, 0x000000, 0x000000, 0x000000, 0x000000, 0x000000, 0x000000, 0x000000, 0x000000,
  0x000000, 0x000000, 0x000000, 0x000000, 0x000000, 0x000000, 0x000000, 0x000000, 0x000000, 0x000000, 0x000000, 0x000000, 0x000000, 0x000000, 0x000000, 0x000000, 0x000000, 0x000000, 0x000000, 0x000000, 0x000000, 0x000000, 0x000000, 0x000000,
};

#define IC_RADIO_W 24
#define IC_RADIO_H 24
static const uint32_t ic_radio[] PROGMEM = {
  0x000000, 0x000000, 0x000000, 0x000000, 0x000000, 0x000000, 0x000000, 0x000000, 0x000000, 0x000000, 0x000000, 0x000000, 0x000000, 0x000000, 0x000000, 0x000000, 0x000000, 0x000000, 0x000000, 0x000000, 0x000000, 0x000000, 0x000000, 0x000000,
  0x000000, 0x000000, 0x000000, 0x000000, 0x000000, 0x000000, 0x000000, 0x000000, 0x000000, 0x000000, 0x000000, 0x000000, 0x000000, 0x000000, 0x000000, 0xe3e3e3, 0x000000, 0x000000, 0x000000, 0x000000, 0x000000, 0x000000, 0x000000, 0x000000,
  0x000000, 0x000000, 0x000000, 0x000000, 0x000000, 0x000000, 0x000000, 0x000000, 0x000000, 0x000000, 0x000000, 0x000000, 0xe3e3e3, 0xe3e3e3, 0xe3e3e3, 0xe3e3e3, 0x000000, 0x000000, 0x000000, 0x000000, 0x000000, 0x000000, 0x000000, 0x000000,
  0x000000, 0x000000, 0x000000, 0x000000, 0x000000, 0x000000, 0x000000, 0x000000, 0x000000, 0x000000, 0xe3e3e3, 0xe3e3e3, 0xe3e3e3, 0xe3e3e3, 0x000000, 0x000000, 0x000000, 0x000000, 0x000000, 0x000000, 0x000000, 0x000000, 0x000000, 0x000000,
  0x000000, 0x000000, 0x000000, 0x000000, 0x000000, 0x000000, 0x000000, 0xe3e3e3, 0xe3e3e3, 0xe3e3e3, 0xe3e3e3, 0xe3e3e3, 0x000000, 0x000000, 0x000000, 0x000000, 0x000000, 0x000000, 0x000000, 0x000000, 0x000000, 0x000000, 0x000000, 0x000000,
  0x000000, 0x000000, 0x000000, 0x000000, 0x000000, 0xe3e3e3, 0xe3e3e3, 0xe3e3e3, 0xe3e3e3, 0xe3e3e3, 0x000000, 0x000000, 0x000000, 0x000000, 0x000000, 0x000000, 0x000000, 0x000000, 0x000000, 0x000000, 0x000000, 0x000000, 0x000000, 0x000000,
  0x000000, 0x000000, 0x000000, 0xe3e3e3, 0xe3e3e3, 0xe3e3e3, 0xe3e3e3, 0xe3e3e3, 0xe3e3e3, 0xe3e3e3, 0xe3e3e3, 0xe3e3e3, 0xe3e3e3, 0xe3e3e3, 0xe3e3e3, 0xe3e3e3, 0xe3e3e3, 0xe3e3e3, 0xe3e3e3, 0xe3e3e3, 0xe3e3e3, 0x000000, 0x000000, 0x000000,
  0x000000, 0x000000, 0xe3e3e3, 0xe3e3e3, 0xe3e3e3, 0xe3e3e3, 0xe3e3e3, 0xe3e3e3, 0xe3e3e3, 0xe3e3e3, 0xe3e3e3, 0xe3e3e3, 0xe3e3e3, 0xe3e3e3, 0xe3e3e3, 0xe3e3e3, 0xe3e3e3, 0xe3e3e3, 0xe3e3e3, 0xe3e3e3, 0xe3e3e3, 0xe3e3e3, 0x000000, 0x000000,
  0x000000, 0x000000, 0xe3e3e3, 0xe3e3e3, 0x000000, 0x000000, 0x000000, 0x000000, 0x000000, 0x000000, 0x000000, 0x000000, 0x000000, 0x000000, 0x000000, 0x000000, 0x000000, 0x000000, 0x000000, 0x000000, 0xe3e3e3, 0xe3e3e3, 0x000000, 0x000000,
  0x000000, 0x000000, 0xe3e3e3, 0xe3e3e3, 0x000000, 0x000000, 0x000000, 0x000000, 0x000000, 0x000000, 0x000000, 0x000000, 0x000000, 0x000000, 0x000000, 0x000000, 0xe3e3e3, 0xe3e3e3, 0x000000, 0x000000, 0xe3e3e3, 0xe3e3e3, 0x000000, 0x000000,
  0x000000, 0x000000, 0xe3e3e3, 0xe3e3e3, 0x000000, 0x000000, 0x000000, 0x000000, 0x000000, 0x000000, 0x000000, 0x000000, 0x000000, 0x000000, 0x000000, 0x000000, 0xe3e3e3, 0xe3e3e3, 0x000000, 0x000000, 0xe3e3e3, 0xe3e3e3, 0x000000, 0x000000,
  0x000000, 0x000000, 0xe3e3e3, 0xe3e3e3, 0xe3e3e3, 0xe3e3e3, 0xe3e3e3, 0xe3e3e3, 0xe3e3e3, 0xe3e3e3, 0xe3e3e3, 0xe3e3e3, 0xe3e3e3, 0xe3e3e3, 0xe3e3e3, 0xe3e3e3, 0xe3e3e3, 0xe3e3e3, 0xe3e3e3, 0xe3e3e3, 0xe3e3e3, 0xe3e3e3, 0x000000, 0x000000,
  0x000000, 0x000000, 0xe3e3e3, 0xe3e3e3, 0xe3e3e3, 0xe3e3e3, 0xe3e3e3, 0xe3e3e3, 0xe3e3e3, 0xe3e3e3, 0xe3e3e3, 0xe3e3e3, 0xe3e3e3, 0xe3e3e3, 0xe3e3e3, 0xe3e3e3, 0xe3e3e3, 0xe3e3e3, 0xe3e3e3, 0xe3e3e3, 0xe3e3e3, 0xe3e3e3, 0x000000, 0x000000,
  0x000000, 0x000000, 0xe3e3e3, 0xe3e3e3, 0x000000, 0x000000, 0x000000, 0x000000, 0x000000, 0x000000, 0x000000, 0x000000, 0x000000, 0x000000, 0x000000, 0x000000, 0x000000, 0x000000, 0x000000, 0x000000, 0xe3e3e3, 0xe3e3e3, 0x000000, 0x000000,
  0x000000, 0x000000, 0xe3e3e3, 0xe3e3e3, 0x000000, 0x000000, 0x000000, 0xe3e3e3, 0xe3e3e3, 0x000000, 0x000000, 0x000000, 0x000000, 0x000000, 0x000000, 0x000000, 0x000000, 0x000000, 0x000000, 0x000000, 0xe3e3e3, 0xe3e3e3, 0x000000, 0x000000,
  0x000000, 0x000000, 0xe3e3e3, 0xe3e3e3, 0x000000, 0x000000, 0xe3e3e3, 0xe3e3e3, 0xe3e3e3, 0xe3e3e3, 0x000000, 0x000000, 0x000000, 0x000000, 0x000000, 0x000000, 0x000000, 0x000000, 0x000000, 0x000000, 0xe3e3e3, 0xe3e3e3, 0x000000, 0x000000,
  0x000000, 0x000000, 0xe3e3e3, 0xe3e3e3, 0x000000, 0x000000, 0xe3e3e3, 0xe3e3e3, 0xe3e3e3, 0xe3e3e3, 0x000000, 0x000000, 0x000000, 0x000000, 0x000000, 0x000000, 0x000000, 0x000000, 0x000000, 0x000000, 0xe3e3e3, 0xe3e3e3, 0x000000, 0x000000,
  0x000000, 0x000000, 0xe3e3e3, 0xe3e3e3, 0x000000, 0x000000, 0xe3e3e3, 0xe3e3e3, 0xe3e3e3, 0xe3e3e3, 0x000000, 0x000000, 0x000000, 0x000000, 0x000000, 0x000000, 0x000000, 0x000000, 0x000000, 0x000000, 0xe3e3e3, 0xe3e3e3, 0x000000, 0x000000,
  0x000000, 0x000000, 0xe3e3e3, 0xe3e3e3, 0x000000, 0x000000, 0x000000, 0xe3e3e3, 0xe3e3e3, 0x000000, 0x000000, 0x000000, 0x000000, 0x000000, 0x000000, 0x000000, 0x000000, 0x000000, 0x000000, 0x000000, 0xe3e3e3, 0xe3e3e3, 0x000000, 0x000000,
  0x000000, 0x000000, 0xe3e3e3, 0xe3e3e3, 0x000000, 0x000000, 0x000000, 0x000000, 0x000000, 0x000000, 0x000000, 0x000000, 0x000000, 0x000000, 0x000000, 0x000000, 0x000000, 0x000000, 0x000000, 0x000000, 0xe3e3e3, 0xe3e3e3, 0x000000, 0x000000,
  0x000000, 0x000000, 0xe3e3e3, 0xe3e3e3, 0xe3e3e3, 0xe3e3e3, 0xe3e3e3, 0xe3e3e3, 0xe3e3e3, 0xe3e3e3, 0xe3e3e3, 0xe3e3e3, 0xe3e3e3, 0xe3e3e3, 0xe3e3e3, 0xe3e3e3, 0xe3e3e3, 0xe3e3e3, 0xe3e3e3, 0xe3e3e3, 0xe3e3e3, 0xe3e3e3, 0x000000, 0x000000,
  0x000000, 0x000000, 0x000000, 0xe3e3e3, 0xe3e3e3, 0xe3e3e3, 0xe3e3e3, 0xe3e3e3, 0xe3e3e3, 0xe3e3e3, 0xe3e3e3, 0xe3e3e3, 0xe3e3e3, 0xe3e3e3, 0xe3e3e3, 0xe3e3e3, 0xe3e3e3, 0xe3e3e3, 0xe3e3e3, 0xe3e3e3, 0xe3e3e3, 0x000000, 0x000000, 0x000000,
  0x000000, 0x000000, 0x000000, 0x000000, 0x000000, 0x000000, 0x000000, 0x000000, 0x000000, 0x000000, 0x000000, 0x000000, 0x000000, 0x000000, 0x000000, 0x000000, 0x000000, 0x000000, 0x000000, 0x000000, 0x000000, 0x000000, 0x000000, 0x000000,
  0x000000, 0x000000, 0x000000, 0x000000, 0x000000, 0x000000, 0x000000, 0x000000, 0x000000, 0x000000, 0x000000, 0x000000, 0x000000, 0x000000, 0x000000, 0x000000, 0x000000, 0x000000, 0x000000, 0x000000, 0x000000, 0x000000, 0x000000, 0x000000,
};

#define IC_RETRO_W 24
#define IC_RETRO_H 24
static const uint32_t ic_retro[] PROGMEM = {
  0x000000, 0x000000, 0x000000, 0x000000, 0x000000, 0x000000, 0x000000, 0x000000, 0x000000, 0x000000, 0x000000, 0x000000, 0x000000, 0x000000, 0x000000, 0x000000, 0x000000, 0x000000, 0x000000, 0x000000, 0x000000, 0x000000, 0x000000, 0x000000,
  0x000000, 0x000000, 0x000000, 0x000000, 0x000000, 0x000000, 0x000000, 0x000000, 0x000000, 0x000000, 0xe2e2e2, 0xe3e3e3, 0xe3e3e3, 0xe2e2e2, 0x000000, 0x000000, 0x000000, 0x000000, 0x000000, 0x000000, 0x000000, 0x000000, 0x000000, 0x000000,
  0x000000, 0x000000, 0x000000, 0x000000, 0x000000, 0x000000, 0x000000, 0x000000, 0x000000, 0xe3e3e3, 0xe3e3e3, 0xe3e3e3, 0xe3e3e3, 0xe3e3e3, 0xe3e3e3, 0x000000, 0x000000, 0x000000, 0x000000, 0x000000, 0x000000, 0x000000, 0x000000, 0x000000,
  0x000000, 0x000000, 0x000000, 0x000000, 0x000000, 0x000000, 0x000000, 0x000000, 0x000000, 0xe3e3e3, 0xe3e3e3, 0x000000, 0x000000, 0xe3e3e3, 0xe3e3e3, 0x000000, 0x000000, 0x000000, 0x000000, 0x000000, 0x000000, 0x000000, 0x000000, 0x000000,
  0x000000, 0x000000, 0x000000, 0x000000, 0x000000, 0x000000, 0x000000, 0x000000, 0x000000, 0xe3e3e3, 0xe4e4e4, 0x000000, 0x000000, 0xe4e4e4, 0xe3e3e3, 0x000000, 0x000000, 0x000000, 0x000000, 0x000000, 0x000000, 0x000000, 0x000000, 0x000000,
  0x000000, 0x000000, 0x000000, 0x000000, 0x000000, 0x000000, 0x000000, 0x000000, 0x000000, 0xe3e3e3, 0xe3e3e3, 0x000000, 0x000000, 0xe3e3e3, 0xe3e3e3, 0x000000, 0x000000, 0x000000, 0x000000, 0x000000, 0x000000, 0x000000, 0x000000, 0x000000,
  0x000000, 0x000000, 0x000000, 0x000000, 0x000000, 0x000000, 0x000000, 0x000000, 0x000000, 0xe3e3e3, 0xe3e3e3, 0xe3e3e3, 0xe3e3e3, 0xe3e3e3, 0xe3e3e3, 0x000000, 0x000000, 0x000000, 0x000000, 0x000000, 0x000000, 0x000000, 0x000000, 0x000000,
  0x000000, 0x000000, 0x000000, 0x000000, 0x000000, 0x000000, 0x000000, 0x000000, 0x000000, 0x000000, 0xe3e3e3, 0xe3e3e3, 0xe3e3e3, 0xe3e3e3, 0x000000, 0x000000, 0x000000, 0x000000, 0x000000, 0x000000, 0x000000, 0x000000, 0x000000, 0x000000,
  0x000000, 0x000000, 0x000000, 0x000000, 0x000000, 0x000000, 0x000000, 0x000000, 0x000000, 0x000000, 0x000000, 0xe3e3e3, 0xe3e3e3, 0x000000, 0x000000, 0x000000, 0x000000, 0x000000, 0x000000, 0x000000, 0x000000, 0x000000, 0x000000, 0x000000,
  0x000000, 0x000000, 0x000000, 0x000000, 0x000000, 0x000000, 0x000000, 0x000000, 0x000000, 0xe3e3e3, 0xe3e3e3, 0xe3e3e3, 0xe3e3e3, 0xe3e3e3, 0xe3e3e3, 0x000000, 0x000000, 0x000000, 0x000000, 0x000000, 0x000000, 0x000000, 0x000000, 0x000000,
  0x000000, 0x000000, 0x000000, 0x000000, 0x000000, 0x000000, 0x000000, 0xe3e3e3, 0xe3e3e3, 0xe3e3e3, 0xe3e3e3, 0xe3e3e3, 0xe3e3e3, 0xe3e3e3, 0xe3e3e3, 0xe3e3e3, 0xe3e3e3, 0x000000, 0x000000, 0x000000, 0x000000, 0x000000, 0x000000, 0x000000,
  0x000000, 0x000000, 0x000000, 0x000000, 0x000000, 0xe2e2e2, 0xe3e3e3, 0xe3e3e3, 0xe3e3e3, 0x000000, 0x000000, 0xe3e3e3, 0xe3e3e3, 0x000000, 0x000000, 0xe3e3e3, 0xe3e3e3, 0xe3e3e3, 0xe2e2e2, 0x000000, 0x000000, 0x000000, 0x000000, 0x000000,
  0x000000, 0x000000, 0x000000, 0x000000, 0xe3e3e3, 0xe3e3e3, 0xe3e3e3, 0xe2e2e2, 0x000000, 0x000000, 0x000000, 0xe3e3e3, 0xe3e3e3, 0x000000, 0x000000, 0x000000, 0xe2e2e2, 0xe3e3e3, 0xe3e3e3, 0xe3e3e3, 0x000000, 0x000000, 0x000000, 0x000000,
  0x000000, 0x000000, 0x000000, 0xe3e3e3, 0xe3e3e3, 0xe3e3e3, 0xe3e3e3, 0xe3e3e3, 0x000000, 0x000000, 0x000000, 0xe3e3e3, 0xe3e3e3, 0x000000, 0x000000, 0x000000, 0xe3e3e3, 0xe3e3e3, 0xe3e3e3, 0xe3e3e3, 0xe3e3e3, 0x000000, 0x000000, 0x000000,
  0x000000, 0x000000, 0x000000, 0xe3e3e3, 0xe3e3e3, 0xe3e3e3, 0xe3e3e3, 0xe3e3e3, 0xe3e3e3, 0x000000, 0x000000, 0x000000, 0x000000, 0x000000, 0x000000, 0xe3e3e3, 0xe3e3e3, 0xe3e3e3, 0xe3e3e3, 0xe3e3e3, 0xe3e3e3, 0x000000, 0x000000, 0x000000,
  0x000000, 0x000000, 0x000000, 0xe3e3e3, 0xe3e3e3, 0x000000, 0x000000, 0xe3e3e3, 0xe3e3e3, 0xe3e3e3, 0xe3e3e3, 0x000000, 0x000000, 0xe3e3e3, 0xe3e3e3, 0xe3e3e3, 0xe3e3e3, 0x000000, 0x000000, 0xe3e3e3, 0xe3e3e3, 0x000000, 0x000000, 0x000000,
  0x000000, 0x000000, 0x000000, 0xe3e3e3, 0xe3e3e3, 0xe2e2e2, 0x000000, 0x000000, 0x000000, 0xe3e3e3, 0xe3e3e3, 0xe3e3e3, 0xe3e3e3, 0xe3e3e3, 0xe3e3e3, 0x000000, 0x000000, 0x000000, 0xe2e2e2, 0xe3e3e3, 0xe3e3e3, 0x000000, 0x000000, 0x000000,
  0x000000, 0x000000, 0x000000, 0x000000, 0xe3e3e3, 0xe3e3e3, 0xe3e3e3, 0xe2e2e2, 0x000000, 0x000000, 0x000000, 0xe3e3e3, 0xe3e3e3, 0x000000, 0x000000, 0x000000, 0xe2e2e2, 0xe3e3e3, 0xe3e3e3, 0xe3e3e3, 0x000000, 0x000000, 0x000000, 0x000000,
  0x000000, 0x000000, 0x000000, 0x000000, 0x000000, 0xe1e1e1, 0xe3e3e3, 0xe3e3e3, 0xe3e3e3, 0x000000, 0x000000, 0x000000, 0x000000, 0x000000, 0x000000, 0xe3e3e3, 0xe3e3e3, 0xe3e3e3, 0xe1e1e1, 0x000000, 0x000000, 0x000000, 0x000000, 0x000000,
  0x000000, 0x000000, 0x000000, 0x000000, 0x000000, 0x000000, 0x000000, 0xe3e3e3, 0xe3e3e3, 0xe3e3e3, 0xe3e3e3, 0x000000, 0x000000, 0xe3e3e3, 0xe3e3e3, 0xe3e3e3, 0xe3e3e3, 0x000000, 0x000000, 0x000000, 0x000000, 0x000000, 0x000000, 0x000000,
  0x000000, 0x000000, 0x000000, 0x000000, 0x000000, 0x000000, 0x000000, 0x000000, 0x000000, 0xe3e3e3, 0xe3e3e3, 0xe3e3e3, 0xe3e3e3, 0xe3e3e3, 0xe3e3e3, 0x000000, 0x000000, 0x000000, 0x000000, 0x000000, 0x000000, 0x000000, 0x000000, 0x000000,
  0x000000, 0x000000, 0x000000, 0x000000, 0x000000, 0x000000, 0x000000, 0x000000, 0x000000, 0x000000, 0x000000, 0xe3e3e3, 0xe3e3e3, 0x000000, 0x000000, 0x000000, 0x000000, 0x000000, 0x000000, 0x000000, 0x000000, 0x000000, 0x000000, 0x000000,
  0x000000, 0x000000, 0x000000, 0x000000, 0x000000, 0x000000, 0x000000, 0x000000, 0x000000, 0x000000, 0x000000, 0x000000, 0x000000, 0x000000, 0x000000, 0x000000, 0x000000, 0x000000, 0x000000, 0x000000, 0x000000, 0x000000, 0x000000, 0x000000,
  0x000000, 0x000000, 0x000000, 0x000000, 0x000000, 0x000000, 0x000000, 0x000000, 0x000000, 0x000000, 0x000000, 0x000000, 0x000000, 0x000000, 0x000000, 0x000000, 0x000000, 0x000000, 0x000000, 0x000000, 0x000000, 0x000000, 0x000000, 0x000000,
};

#define IC_ROBOT_W 24
#define IC_ROBOT_H 24
static const uint32_t ic_robot[] PROGMEM = {
  0x000000, 0x000000, 0x000000, 0x000000, 0x000000, 0x000000, 0x000000, 0x000000, 0x000000, 0x000000, 0x000000, 0x000000, 0x000000, 0x000000, 0x000000, 0x000000, 0x000000, 0x000000, 0x000000, 0x000000, 0x000000, 0x000000, 0x000000, 0x000000,
  0x000000, 0x000000, 0x000000, 0x000000, 0x000000, 0x000000, 0x000000, 0x000000, 0x000000, 0x000000, 0x000000, 0x000000, 0x000000, 0x000000, 0x000000, 0x000000, 0x000000, 0x000000, 0x000000, 0x000000, 0x000000, 0x000000, 0x000000, 0x000000,
  0x000000, 0x000000, 0x000000, 0x000000, 0x000000, 0x000000, 0x000000, 0x000000, 0x000000, 0x000000, 0x000000, 0x000000, 0x000000, 0x000000, 0x000000, 0x000000, 0x000000, 0x000000, 0x000000, 0x000000, 0x000000, 0x000000, 0x000000, 0x000000,
  0x000000, 0x000000, 0x000000, 0x000000, 0x000000, 0x000000, 0x000000, 0xe2e2e2, 0xe3e3e3, 0xe3e3e3, 0xe3e3e3, 0xe3e3e3, 0xe3e3e3, 0xe3e3e3, 0xe3e3e3, 0xe3e3e3, 0xe2e2e2, 0x000000, 0x000000, 0x000000, 0x000000, 0x000000, 0x000000, 0x000000,
  0x000000, 0x000000, 0x000000, 0x000000, 0x000000, 0xe3e3e3, 0xe3e3e3, 0xe3e3e3, 0xe3e3e3, 0xe3e3e3, 0xe3e3e3, 0xe3e3e3, 0xe3e3e3, 0xe3e3e3, 0xe3e3e3, 0xe3e3e3, 0xe3e3e3, 0xe3e3e3, 0xe3e3e3, 0x000000, 0x000000, 0x000000, 0x000000, 0x000000,
  0x000000, 0x000000, 0x000000, 0x000000, 0x000000, 0xe3e3e3, 0xe3e3e3, 0x000000, 0x000000, 0x000000, 0x000000, 0x000000, 0x000000, 0x000000, 0x000000, 0x000000, 0x000000, 0xe3e3e3, 0xe3e3e3, 0x000000, 0x000000, 0x000000, 0x000000, 0x000000,
  0x000000, 0x000000, 0x000000, 0x000000, 0xe4e4e4, 0xe3e3e3, 0x000000, 0x000000, 0x000000, 0x000000, 0x000000, 0x000000, 0x000000, 0x000000, 0x000000, 0x000000, 0x000000, 0x000000, 0xe3e3e3, 0xe4e4e4, 0x000000, 0x000000, 0x000000, 0x000000,
  0x000000, 0x000000, 0x000000, 0x000000, 0xe3e3e3, 0xe3e3e3, 0x000000, 0x000000, 0xe3e3e3, 0xe3e3e3, 0x000000, 0x000000, 0x000000, 0x000000, 0xe3e3e3, 0xe3e3e3, 0x000000, 0x000000, 0xe3e3e3, 0xe3e3e3, 0x000000, 0x000000, 0x000000, 0x000000,
  0x000000, 0x000000, 0x000000, 0x000000, 0xe3e3e3, 0xe3e3e3, 0x000000, 0x000000, 0xe3e3e3, 0xe3e3e3, 0x000000, 0x000000, 0x000000, 0x000000, 0xe3e3e3, 0xe3e3e3, 0x000000, 0x000000, 0xe3e3e3, 0xe3e3e3, 0x000000, 0x000000, 0x000000, 0x000000,
  0x000000, 0x000000, 0x000000, 0x000000, 0xe2e2e2, 0xe3e3e3, 0x000000, 0x000000, 0x000000, 0x000000, 0x000000, 0x000000, 0x000000, 0x000000, 0x000000, 0x000000, 0x000000, 0x000000, 0xe3e3e3, 0xe2e2e2, 0x000000, 0x000000, 0x000000, 0x000000,
  0x000000, 0x000000, 0x000000, 0x000000, 0x000000, 0xe3e3e3, 0xe3e3e3, 0x000000, 0x000000, 0x000000, 0x000000, 0x000000, 0x000000, 0x000000, 0x000000, 0x000000, 0x000000, 0xe3e3e3, 0xe3e3e3, 0x000000, 0x000000, 0x000000, 0x000000, 0x000000,
  0x000000, 0x000000, 0x000000, 0x000000, 0x000000, 0xe3e3e3, 0xe3e3e3, 0xe3e3e3, 0xe3e3e3, 0xe3e3e3, 0xe3e3e3, 0xe3e3e3, 0xe3e3e3, 0xe3e3e3, 0xe3e3e3, 0xe3e3e3, 0xe3e3e3, 0xe3e3e3, 0xe3e3e3, 0x000000, 0x000000, 0x000000, 0x000000, 0x000000,
  0x000000, 0x000000, 0x000000, 0x000000, 0x000000, 0x000000, 0x000000, 0xe4e4e4, 0xe3e3e3, 0xe3e3e3, 0xe3e3e3, 0xe3e3e3, 0xe3e3e3, 0xe3e3e3, 0xe3e3e3, 0xe3e3e3, 0xe4e4e4, 0x000000, 0x000000, 0x000000, 0x000000, 0x000000, 0x000000, 0x000000,
  0x000000, 0x000000, 0x000000, 0x000000, 0x000000, 0x000000, 0x000000, 0x000000, 0x000000, 0x000000, 0x000000, 0x000000, 0x000000, 0x000000, 0x000000, 0x000000, 0x000000, 0x000000, 0x000000, 0x000000, 0x000000, 0x000000, 0x000000, 0x000000,
  0x000000, 0x000000, 0x000000, 0x000000, 0x000000, 0xe3e3e3, 0xe3e3e3, 0xe3e3e3, 0xe3e3e3, 0xe3e3e3, 0xe3e3e3, 0xe3e3e3, 0xe3e3e3, 0xe3e3e3, 0xe3e3e3, 0xe3e3e3, 0xe3e3e3, 0xe3e3e3, 0xe3e3e3, 0x000000, 0x000000, 0x000000, 0x000000, 0x000000,
  0x000000, 0x000000, 0x000000, 0x000000, 0xe3e3e3, 0xe3e3e3, 0xe3e3e3, 0xe3e3e3, 0xe3e3e3, 0xe3e3e3, 0xe3e3e3, 0xe3e3e3, 0xe3e3e3, 0xe3e3e3, 0xe3e3e3, 0xe3e3e3, 0xe3e3e3, 0xe3e3e3, 0xe3e3e3, 0xe3e3e3, 0x000000, 0x000000, 0x000000, 0x000000,
  0x000000, 0x000000, 0x000000, 0x000000, 0xe3e3e3, 0xe3e3e3, 0x000000, 0x000000, 0x000000, 0x000000, 0x000000, 0x000000, 0x000000, 0x000000, 0x000000, 0x000000, 0x000000, 0x000000, 0xe3e3e3, 0xe3e3e3, 0x000000, 0x000000, 0x000000, 0x000000,
  0x000000, 0x000000, 0x000000, 0x000000, 0xe3e3e3, 0xe3e3e3, 0x000000, 0x000000, 0x000000, 0x000000, 0x000000, 0x000000, 0x000000, 0x000000, 0x000000, 0x000000, 0x000000, 0x000000, 0xe3e3e3, 0xe3e3e3, 0x000000, 0x000000, 0x000000, 0x000000,
  0x000000, 0x000000, 0x000000, 0x000000, 0xe3e3e3, 0xe3e3e3, 0x000000, 0x000000, 0x000000, 0x000000, 0x000000, 0x000000, 0x000000, 0x000000, 0x000000, 0x000000, 0x000000, 0x000000, 0xe3e3e3, 0xe3e3e3, 0x000000, 0x000000, 0x000000, 0x000000,
  0x000000, 0x000000, 0x000000, 0x000000, 0xe3e3e3, 0xe3e3e3, 0xe3e3e3, 0xe3e3e3, 0xe3e3e3, 0xe3e3e3, 0xe3e3e3, 0xe3e3e3, 0xe3e3e3, 0xe3e3e3, 0xe3e3e3, 0xe3e3e3, 0xe3e3e3, 0xe3e3e3, 0xe3e3e3, 0xe3e3e3, 0x000000, 0x000000, 0x000000, 0x000000,
  0x000000, 0x000000, 0x000000, 0x000000, 0xe3e3e3, 0xe3e3e3, 0xe3e3e3, 0xe3e3e3, 0xe3e3e3, 0xe3e3e3, 0xe3e3e3, 0xe3e3e3, 0xe3e3e3, 0xe3e3e3, 0xe3e3e3, 0xe3e3e3, 0xe3e3e3, 0xe3e3e3, 0xe3e3e3, 0xe3e3e3, 0x000000, 0x000000, 0x000000, 0x000000,
  0x000000, 0x000000, 0x000000, 0x000000, 0x000000, 0x000000, 0x000000, 0x000000, 0x000000, 0x000000, 0x000000, 0x000000, 0x000000, 0x000000, 0x000000, 0x000000, 0x000000, 0x000000, 0x000000, 0x000000, 0x000000, 0x000000, 0x000000, 0x000000,
  0x000000, 0x000000, 0x000000, 0x000000, 0x000000, 0x000000, 0x000000, 0x000000, 0x000000, 0x000000, 0x000000, 0x000000, 0x000000, 0x000000, 0x000000, 0x000000, 0x000000, 0x000000, 0x000000, 0x000000, 0x000000, 0x000000, 0x000000, 0x000000,
  0x000000, 0x000000, 0x000000, 0x000000, 0x000000, 0x000000, 0x000000, 0x000000, 0x000000, 0x000000, 0x000000, 0x000000, 0x000000, 0x000000, 0x000000, 0x000000, 0x000000, 0x000000, 0x000000, 0x000000, 0x000000, 0x000000, 0x000000, 0x000000,
};

#define IC_ROUTER_W 24
#define IC_ROUTER_H 24
static const uint32_t ic_router[] PROGMEM = {
  0x000000, 0x000000, 0x000000, 0x000000, 0x000000, 0x000000, 0x000000, 0x000000, 0x000000, 0x000000, 0x000000, 0x000000, 0x000000, 0x000000, 0x000000, 0x000000, 0x000000, 0x000000, 0x000000, 0x000000, 0x000000, 0x000000, 0x000000, 0x000000,
  0x000000, 0x000000, 0x000000, 0x000000, 0x000000, 0x000000, 0x000000, 0x000000, 0x000000, 0x000000, 0x000000, 0x000000, 0x000000, 0x000000, 0x000000, 0x000000, 0x000000, 0x000000, 0x000000, 0x000000, 0x000000, 0x000000, 0x000000, 0x000000,
  0x000000, 0x000000, 0x000000, 0x000000, 0x000000, 0x000000, 0x000000, 0x000000, 0x000000, 0x000000, 0x000000, 0x000000, 0x000000, 0xe2e2e2, 0xe3e3e3, 0xe3e3e3, 0xe3e3e3, 0xe3e3e3, 0xe2e2e2, 0x000000, 0x000000, 0x000000, 0x000000, 0x000000,
  0x000000, 0x000000, 0x000000, 0x000000, 0x000000, 0x000000, 0x000000, 0x000000, 0x000000, 0x000000, 0x000000, 0xe3e3e3, 0xe3e3e3, 0xe3e3e3, 0xe3e3e3, 0xe3e3e3, 0xe3e3e3, 0xe3e3e3, 0xe3e3e3, 0xe3e3e3, 0xe3e3e3, 0x000000, 0x000000, 0x000000,
  0x000000, 0x000000, 0x000000, 0x000000, 0x000000, 0x000000, 0x000000, 0x000000, 0x000000, 0x000000, 0xe1e1e1, 0xe3e3e3, 0xe3e3e3, 0xe4e4e4, 0x000000, 0x000000, 0x000000, 0x000000, 0xe4e4e4, 0xe3e3e3, 0xe3e3e3, 0xe1e1e1, 0x000000, 0x000000,
  0x000000, 0x000000, 0x000000, 0x000000, 0x000000, 0x000000, 0x000000, 0x000000, 0x000000, 0x000000, 0x000000, 0xe1e1e1, 0x000000, 0x000000, 0x000000, 0x000000, 0x000000, 0x000000, 0x000000, 0x000000, 0xe1e1e1, 0x000000, 0x000000, 0x000000,
  0x000000, 0x000000, 0x000000, 0x000000, 0x000000, 0x000000, 0x000000, 0x000000, 0x000000, 0x000000, 0x000000, 0x000000, 0x000000, 0xe3e3e3, 0xe3e3e3, 0xe3e3e3, 0xe3e3e3, 0xe3e3e3, 0xe3e3e3, 0x000000, 0x000000, 0x000000, 0x000000, 0x000000,
  0x000000, 0x000000, 0x000000, 0x000000, 0x000000, 0x000000, 0x000000, 0x000000, 0x000000, 0x000000, 0x000000, 0x000000, 0x000000, 0xe1e1e1, 0xe3e3e3, 0xe2e2e2, 0xe2e2e2, 0xe3e3e3, 0xe1e1e1, 0x000000, 0x000000, 0x000000, 0x000000, 0x000000,
  0x000000, 0x000000, 0x000000, 0x000000, 0x000000, 0x000000, 0x000000, 0x000000, 0x000000, 0x000000, 0x000000, 0x000000, 0x000000, 0x000000, 0x000000, 0x000000, 0x000000, 0x000000, 0x000000, 0x000000, 0x000000, 0x000000, 0x000000, 0x000000,
  0x000000, 0x000000, 0x000000, 0x000000, 0x000000, 0x000000, 0x000000, 0x000000, 0x000000, 0x000000, 0x000000, 0x000000, 0x000000, 0x000000, 0x000000, 0xe3e3e3, 0xe3e3e3, 0x000000, 0x000000, 0x000000, 0x000000, 0x000000, 0x000000, 0x000000,
  0x000000, 0x000000, 0x000000, 0x000000, 0x000000, 0x000000, 0x000000, 0x000000, 0x000000, 0x000000, 0x000000, 0x000000, 0x000000, 0x000000, 0x000000, 0xe3e3e3, 0xe3e3e3, 0x000000, 0x000000, 0x000000, 0x000000, 0x000000, 0x000000, 0x000000,
  0x000000, 0x000000, 0x000000, 0x000000, 0x000000, 0x000000, 0x000000, 0x000000, 0x000000, 0x000000, 0x000000, 0x000000, 0x000000, 0x000000, 0x000000, 0xe3e3e3, 0xe3e3e3, 0x000000, 0x000000, 0x000000, 0x000000, 0x000000, 0x000000, 0x000000,
  0x000000, 0x000000, 0x000000, 0x000000, 0x000000, 0x000000, 0x000000, 0x000000, 0x000000, 0x000000, 0x000000, 0x000000, 0x000000, 0x000000, 0x000000, 0xe3e3e3, 0xe3e3e3, 0x000000, 0x000000, 0x000000, 0x000000, 0x000000, 0x000000, 0x000000,
  0x000000, 0x000000, 0x000000, 0x000000, 0xe3e3e3, 0xe3e3e3, 0xe3e3e3, 0xe3e3e3, 0xe3e3e3, 0xe3e3e3, 0xe3e3e3, 0xe3e3e3, 0xe3e3e3, 0xe3e3e3, 0xe3e3e3, 0xe3e3e3, 0xe3e3e3, 0xe3e3e3, 0xe3e3e3, 0xe3e3e3, 0x000000, 0x000000, 0x000000, 0x000000,
  0x000000, 0x000000, 0x000000, 0xe3e3e3, 0xe3e3e3, 0xe3e3e3, 0xe3e3e3, 0xe3e3e3, 0xe3e3e3, 0xe3e3e3, 0xe3e3e3, 0xe3e3e3, 0xe3e3e3, 0xe3e3e3, 0xe3e3e3, 0xe3e3e3, 0xe3e3e3, 0xe3e3e3, 0xe3e3e3, 0xe3e3e3, 0xe3e3e3, 0x000000, 0x000000, 0x000000,
  0x000000, 0x000000, 0x000000, 0xe3e3e3, 0xe3e3e3, 0x000000, 0x000000, 0x000000, 0x000000, 0x000000, 0x000000, 0x000000, 0x000000, 0x000000, 0x000000, 0x000000, 0x000000, 0x000000, 0x000000, 0xe3e3e3, 0xe3e3e3, 0x000000, 0x000000, 0x000000,
  0x000000, 0x000000, 0x000000, 0xe3e3e3, 0xe3e3e3, 0x000000, 0xe3e3e3, 0xe3e3e3, 0x000000, 0x000000, 0xe3e3e3, 0x000000, 0x000000, 0xe3e3e3, 0xe3e3e3, 0x000000, 0x000000, 0x000000, 0x000000, 0xe3e3e3, 0xe3e3e3, 0x000000, 0x000000, 0x000000,
  0x000000, 0x000000, 0x000000, 0xe3e3e3, 0xe3e3e3, 0x000000, 0xe3e3e3, 0xe3e3e3, 0x000000, 0x000000, 0xe3e3e3, 0x000000, 0x000000, 0xe3e3e3, 0xe3e3e3, 0x000000, 0x000000, 0x000000, 0x000000, 0xe3e3e3, 0xe3e3e3, 0x000000, 0x000000, 0x000000,
  0x000000, 0x000000, 0x000000, 0xe3e3e3, 0xe3e3e3, 0x000000, 0x000000, 0x000000, 0x000000, 0x000000, 0x000000, 0x000000, 0x000000, 0x000000, 0x000000, 0x000000, 0x000000, 0x000000, 0x000000, 0xe3e3e3, 0xe3e3e3, 0x000000, 0x000000, 0x000000,
  0x000000, 0x000000, 0x000000, 0xe3e3e3, 0xe3e3e3, 0xe3e3e3, 0xe3e3e3, 0xe3e3e3, 0xe3e3e3, 0xe3e3e3, 0xe3e3e3, 0xe3e3e3, 0xe3e3e3, 0xe3e3e3, 0xe3e3e3, 0xe3e3e3, 0xe3e3e3, 0xe3e3e3, 0xe3e3e3, 0xe3e3e3, 0xe3e3e3, 0x000000, 0x000000, 0x000000,
  0x000000, 0x000000, 0x000000, 0x000000, 0xe3e3e3, 0xe3e3e3, 0xe3e3e3, 0xe3e3e3, 0xe3e3e3, 0xe3e3e3, 0xe3e3e3, 0xe3e3e3, 0xe3e3e3, 0xe3e3e3, 0xe3e3e3, 0xe3e3e3, 0xe3e3e3, 0xe3e3e3, 0xe3e3e3, 0xe3e3e3, 0x000000, 0x000000, 0x000000, 0x000000,
  0x000000, 0x000000, 0x000000, 0x000000, 0x000000, 0x000000, 0x000000, 0x000000, 0x000000, 0x000000, 0x000000, 0x000000, 0x000000, 0x000000, 0x000000, 0x000000, 0x000000, 0x000000, 0x000000, 0x000000, 0x000000, 0x000000, 0x000000, 0x000000,
  0x000000, 0x000000, 0x000000, 0x000000, 0x000000, 0x000000, 0x000000, 0x000000, 0x000000, 0x000000, 0x000000, 0x000000, 0x000000, 0x000000, 0x000000, 0x000000, 0x000000, 0x000000, 0x000000, 0x000000, 0x000000, 0x000000, 0x000000, 0x000000,
  0x000000, 0x000000, 0x000000, 0x000000, 0x000000, 0x000000, 0x000000, 0x000000, 0x000000, 0x000000, 0x000000, 0x000000, 0x000000, 0x000000, 0x000000, 0x000000, 0x000000, 0x000000, 0x000000, 0x000000, 0x000000, 0x000000, 0x000000, 0x000000,
};

#define IC_SATELLITE_W 24
#define IC_SATELLITE_H 24
static const uint32_t ic_satellite[] PROGMEM = {
  0x000000, 0x000000, 0x000000, 0x000000, 0x000000, 0x000000, 0x000000, 0x000000, 0x000000, 0x000000, 0x000000, 0x000000, 0x000000, 0x000000, 0x000000, 0x000000, 0xe2e2e2, 0xe3e3e3, 0x000000, 0x000000, 0x000000, 0x000000, 0x000000, 0x000000,
  0x000000, 0x000000, 0x000000, 0x000000, 0x000000, 0x000000, 0x000000, 0x000000, 0x000000, 0x000000, 0x000000, 0x000000, 0x000000, 0x000000, 0x000000, 0xe3e3e3, 0xe3e3e3, 0xe3e3e3, 0xe3e3e3, 0x000000, 0x000000, 0x000000, 0x000000, 0x000000,
  0x000000, 0x000000, 0x000000, 0x000000, 0x000000, 0x000000, 0x000000, 0x000000, 0x000000, 0x000000, 0x000000, 0x000000, 0x000000, 0x000000, 0xe3e3e3, 0xe3e3e3, 0xe2e2e2, 0xe4e4e4, 0xe3e3e3, 0xe3e3e3, 0x000000, 0x000000, 0x000000, 0x000000,
  0x000000, 0x000000, 0x000000, 0x000000, 0x000000, 0x000000, 0x000000, 0x000000, 0x000000, 0x000000, 0x000000, 0x000000, 0x000000, 0xe3e3e3, 0xe3e3e3, 0xe3e3e3, 0x000000, 0x000000, 0xe3e3e3, 0xe3e3e3, 0xe4e4e4, 0x000000, 0x000000, 0x000000,
  0x000000, 0x000000, 0x000000, 0x000000, 0x000000, 0x000000, 0x000000, 0x000000, 0x000000, 0x000000, 0x000000, 0x000000, 0xe3e3e3, 0xe3e3e3, 0xe3e3e3, 0xe3e3e3, 0xe3e3e3, 0x000000, 0x000000, 0xe3e3e3, 0xe3e3e3, 0xe3e3e3, 0x000000, 0x000000,
  0x000000, 0x000000, 0x000000, 0x000000, 0x000000, 0x000000, 0x000000, 0x000000, 0x000000, 0x000000, 0x000000, 0x000000, 0xe3e3e3, 0xe3e3e3, 0x000000, 0x000000, 0xe3e3e3, 0xe3e3e3, 0x000000, 0x000000, 0xe3e3e3, 0xe3e3e3, 0x000000, 0x000000,
  0x000000, 0x000000, 0x000000, 0x000000, 0x000000, 0x000000, 0x000000, 0x000000, 0x000000, 0x000000, 0x000000, 0x000000, 0xe3e3e3, 0xe3e3e3, 0xe3e3e3, 0x000000, 0x000000, 0xe3e3e3, 0xe3e3e3, 0x000000, 0xe3e3e3, 0xe3e3e3, 0x000000, 0x000000,
  0x000000, 0x000000, 0x000000, 0x000000, 0x000000, 0x000000, 0x000000, 0x000000, 0x000000, 0xe3e3e3, 0xe3e3e3, 0xe3e3e3, 0x000000, 0xe3e3e3, 0xe3e3e3, 0xe3e3e3, 0x000000, 0x000000, 0xe3e3e3, 0xe3e3e3, 0xe3e3e3, 0x000000, 0x000000, 0x000000,
  0x000000, 0x000000, 0x000000, 0x000000, 0x000000, 0x000000, 0x000000, 0x000000, 0xe3e3e3, 0xe3e3e3, 0xe3e3e3, 0xe3e3e3, 0xe3e3e3, 0xe3e3e3, 0xe3e3e3, 0xe3e3e3, 0xe4e4e4, 0x000000, 0xe3e3e3, 0xe3e3e3, 0x000000, 0x000000, 0x000000, 0x000000,
  0x000000, 0x000000, 0x000000, 0x000000, 0x000000, 0x000000, 0x000000, 0xe3e3e3, 0xe3e3e3, 0xe3e3e3, 0x000000, 0xe3e3e3, 0xe3e3e3, 0xe3e3e3, 0x000000, 0xe3e3e3, 0xe3e3e3, 0xe3e3e3, 0xe3e3e3, 0x000000, 0x000000, 0x000000, 0x000000, 0x000000,
  0x000000, 0x000000, 0x000000, 0x000000, 0x000000, 0x000000, 0x000000, 0xe3e3e3, 0xe3e3e3, 0x000000, 0x000000, 0x000000, 0xe3e3e3, 0xe3e3e3, 0xe3e3e3, 0x000000, 0xe3e3e3, 0xe3e3e3, 0x000000, 0x000000, 0x000000, 0x000000, 0x000000, 0x000000,
  0x000000, 0x000000, 0x000000, 0x000000, 0x000000, 0x000000, 0x000000, 0xe3e3e3, 0xe3e3e3, 0xe4e4e4, 0x000000, 0x000000, 0x000000, 0xe3e3e3, 0xe3e3e3, 0x000000, 0x000000, 0x000000, 0x000000, 0x000000, 0x000000, 0x000000, 0x000000, 0x000000,
  0x000000, 0x000000, 0x000000, 0x000000, 0xe3e3e3, 0xe3e3e3, 0xe3e3e3, 0x000000, 0xe3e3e3, 0xe3e3e3, 0xe3e3e3, 0x000000, 0x000000, 0x000000, 0xe3e3e3, 0xe3e3e3, 0x000000, 0x000000, 0x000000, 0x000000, 0x000000, 0x000000, 0x000000, 0x000000,
  0x000000, 0x000000, 0x000000, 0xe3e3e3, 0xe3e3e3, 0xe3e3e3, 0xe3e3e3, 0xe4e4e4, 0xe3e3e3, 0xe3e3e3, 0xe3e3e3, 0xe3e3e3, 0x000000, 0xe3e3e3, 0xe3e3e3, 0x000000, 0x000000, 0x000000, 0x000000, 0x000000, 0x000000, 0x000000, 0x000000, 0x000000,
  0x000000, 0x000000, 0xe3e3e3, 0xe3e3e3, 0xe2e2e2, 0x000000, 0xe3e3e3, 0xe3e3e3, 0xe3e3e3, 0x000000, 0xe3e3e3, 0xe3e3e3, 0xe3e3e3, 0xe3e3e3, 0x000000, 0x000000, 0x000000, 0xe3e3e3, 0xe3e3e3, 0x000000, 0x000000, 0xe3e3e3, 0xe3e3e3, 0x000000,
  0x000000, 0xe3e3e3, 0xe3e3e3, 0xe3e3e3, 0xe3e3e3, 0x000000, 0x000000, 0xe3e3e3, 0xe3e3e3, 0xe2e2e2, 0x000000, 0xe2e2e2, 0xe3e3e3, 0x000000, 0x000000, 0x000000, 0x000000, 0xe3e3e3, 0xe3e3e3, 0x000000, 0x000000, 0xe3e3e3, 0xe3e3e3, 0x000000,
  0xe3e3e3, 0xe3e3e3, 0xe3e3e3, 0x000000, 0xe3e3e3, 0xe4e4e4, 0x000000, 0x000000, 0xe3e3e3, 0xe3e3e3, 0x000000, 0x000000, 0x000000, 0x000000, 0x000000, 0x000000, 0xe3e3e3, 0xe3e3e3, 0x000000, 0x000000, 0x000000, 0xe3e3e3, 0xe3e3e3, 0x000000,
  0xe3e3e3, 0xe3e3e3, 0x000000, 0x000000, 0x000000, 0xe3e3e3, 0xe3e3e3, 0x000000, 0x000000, 0xe3e3e3, 0xe2e2e2, 0x000000, 0x000000, 0x000000, 0xe3e3e3, 0xe3e3e3, 0xe3e3e3, 0xe3e3e3, 0x000000, 0x000000, 0xe3e3e3, 0xe3e3e3, 0x000000, 0x000000,
  0x000000, 0xe3e3e3, 0xe3e3e3, 0x000000, 0x000000, 0x000000, 0xe3e3e3, 0xe3e3e3, 0xe3e3e3, 0xe3e3e3, 0x000000, 0x000000, 0x000000, 0x000000, 0xe3e3e3, 0xe3e3e3, 0xe4e4e4, 0x000000, 0x000000, 0x000000, 0xe3e3e3, 0xe3e3e3, 0x000000, 0x000000,
  0x000000, 0x000000, 0xe3e3e3, 0xe3e3e3, 0x000000, 0x000000, 0xe3e3e3, 0xe3e3e3, 0xe3e3e3, 0x000000, 0x000000, 0x000000, 0x000000, 0x000000, 0x000000, 0x000000, 0x000000, 0x000000, 0x000000, 0xe3e3e3, 0xe3e3e3, 0x000000, 0x000000, 0x000000,
  0x000000, 0x000000, 0x000000, 0xe3e3e3, 0xe3e3e3, 0xe1e1e1, 0xe3e3e3, 0xe3e3e3, 0x000000, 0x000000, 0x000000, 0x000000, 0x000000, 0x000000, 0x000000, 0x000000, 0x000000, 0xe4e4e4, 0xe3e3e3, 0xe3e3e3, 0x000000, 0x000000, 0x000000, 0x000000,
  0x000000, 0x000000, 0x000000, 0x000000, 0xe3e3e3, 0xe3e3e3, 0xe3e3e3, 0x000000, 0x000000, 0x000000, 0x000000, 0x000000, 0x000000, 0x000000, 0xe3e3e3, 0xe3e3e3, 0xe3e3e3, 0xe3e3e3, 0xe3e3e3, 0x000000, 0x000000, 0x000000, 0x000000, 0x000000,
  0x000000, 0x000000, 0x000000, 0x000000, 0x000000, 0xe4e4e4, 0x000000, 0x000000, 0x000000, 0x000000, 0x000000, 0x000000, 0x000000, 0x000000, 0xe3e3e3, 0xe3e3e3, 0xe3e3e3, 0x000000, 0x000000, 0x000000, 0x000000, 0x000000, 0x000000, 0x000000,
  0x000000, 0x000000, 0x000000, 0x000000, 0x000000, 0x000000, 0x000000, 0x000000, 0x000000, 0x000000, 0x000000, 0x000000, 0x000000, 0x000000, 0x000000, 0x000000, 0x000000, 0x000000, 0x000000, 0x000000, 0x000000, 0x000000, 0x000000, 0x000000,
};

#define IC_SCRIPT_W 24
#define IC_SCRIPT_H 24
static const uint32_t ic_script[] PROGMEM = {
  0x000000, 0x000000, 0x000000, 0x000000, 0x000000, 0x000000, 0x000000, 0x000000, 0x000000, 0x000000, 0x000000, 0x000000, 0x000000, 0x000000, 0x000000, 0x000000, 0x000000, 0x000000, 0x000000, 0x000000, 0x000000, 0x000000, 0x000000, 0x000000,
  0x000000, 0x000000, 0x000000, 0x000000, 0x000000, 0x000000, 0x000000, 0x000000, 0x000000, 0x000000, 0x000000, 0x000000, 0x000000, 0x000000, 0x000000, 0x000000, 0x000000, 0x000000, 0x000000, 0x000000, 0x000000, 0x000000, 0x000000, 0x000000,
  0x000000, 0x000000, 0x000000, 0x000000, 0x000000, 0x000000, 0x000000, 0x000000, 0x000000, 0x000000, 0x000000, 0x000000, 0x000000, 0x000000, 0x000000, 0x000000, 0x000000, 0x000000, 0x000000, 0x000000, 0x000000, 0x000000, 0x000000, 0x000000,
  0x000000, 0x000000, 0x000000, 0xe3e3e3, 0xe3e3e3, 0xe3e3e3, 0xe3e3e3, 0xe3e3e3, 0xe3e3e3, 0xe3e3e3, 0xe3e3e3, 0x000000, 0x000000, 0xe3e3e3, 0xe3e3e3, 0xe3e3e3, 0xe3e3e3, 0xe3e3e3, 0xe3e3e3, 0xe3e3e3, 0xe3e3e3, 0x000000, 0x000000, 0x000000,
  0x000000, 0x000000, 0x000000, 0xe3e3e3, 0xe3e3e3, 0xe3e3e3, 0xe3e3e3, 0xe3e3e3, 0xe3e3e3, 0xe3e3e3, 0xe3e3e3, 0x000000, 0x000000, 0xe3e3e3, 0xe3e3e3, 0xe3e3e3, 0xe3e3e3, 0xe3e3e3, 0xe3e3e3, 0xe3e3e3, 0xe3e3e3, 0x000000, 0x000000, 0x000000,
  0x000000, 0x000000, 0x000000, 0xe3e3e3, 0xe3e3e3, 0x000000, 0x000000, 0x000000, 0x000000, 0xe3e3e3, 0xe3e3e3, 0x000000, 0x000000, 0xe3e3e3, 0xe3e3e3, 0x000000, 0x000000, 0x000000, 0x000000, 0xe3e3e3, 0xe3e3e3, 0x000000, 0x000000, 0x000000,
  0x000000, 0x000000, 0x000000, 0xe3e3e3, 0xe3e3e3, 0x000000, 0x000000, 0x000000, 0x000000, 0xe3e3e3, 0xe3e3e3, 0x000000, 0x000000, 0xe3e3e3, 0xe3e3e3, 0x000000, 0x000000, 0x000000, 0x000000, 0xe3e3e3, 0xe3e3e3, 0x000000, 0x000000, 0x000000,
  0x000000, 0x000000, 0x000000, 0xe3e3e3, 0xe3e3e3, 0x000000, 0x000000, 0x000000, 0x000000, 0xe3e3e3, 0xe3e3e3, 0x000000, 0x000000, 0xe3e3e3, 0xe3e3e3, 0x000000, 0x000000, 0x000000, 0x000000, 0xe3e3e3, 0xe3e3e3, 0x000000, 0x000000, 0x000000,
  0x000000, 0x000000, 0x000000, 0xe3e3e3, 0xe3e3e3, 0x000000, 0x000000, 0x000000, 0x000000, 0xe3e3e3, 0xe3e3e3, 0x000000, 0x000000, 0xe3e3e3, 0xe3e3e3, 0x000000, 0x000000, 0x000000, 0x000000, 0xe3e3e3, 0xe3e3e3, 0x000000, 0x000000, 0x000000,
  0x000000, 0x000000, 0x000000, 0xe3e3e3, 0xe3e3e3, 0xe3e3e3, 0xe3e3e3, 0xe3e3e3, 0xe3e3e3, 0xe3e3e3, 0xe3e3e3, 0x000000, 0x000000, 0xe3e3e3, 0xe3e3e3, 0xe3e3e3, 0xe3e3e3, 0xe3e3e3, 0xe3e3e3, 0xe3e3e3, 0xe3e3e3, 0x000000, 0x000000, 0x000000,
  0x000000, 0x000000, 0x000000, 0xe3e3e3, 0xe3e3e3, 0xe3e3e3, 0xe3e3e3, 0xe3e3e3, 0xe3e3e3, 0xe3e3e3, 0xe3e3e3, 0x000000, 0x000000, 0xe3e3e3, 0xe3e3e3, 0xe3e3e3, 0xe3e3e3, 0xe3e3e3, 0xe3e3e3, 0xe3e3e3, 0xe3e3e3, 0x000000, 0x000000, 0x000000,
  0x000000, 0x000000, 0x000000, 0x000000, 0x000000, 0x000000, 0x000000, 0x000000, 0x000000, 0x000000, 0x000000, 0x000000, 0x000000, 0x000000, 0x000000, 0x000000, 0x000000, 0x000000, 0x000000, 0x000000, 0x000000, 0x000000, 0x000000, 0x000000,
  0x000000, 0x000000, 0x000000, 0x000000, 0x000000, 0x000000, 0x000000, 0x000000, 0x000000, 0x000000, 0x000000, 0x000000, 0x000000, 0x000000, 0x000000, 0x000000, 0x000000, 0x000000, 0x000000, 0x000000, 0x000000, 0x000000, 0x000000, 0x000000,
  0x000000, 0x000000, 0x000000, 0xe3e3e3, 0xe3e3e3, 0xe3e3e3, 0xe3e3e3, 0xe3e3e3, 0xe3e3e3, 0xe3e3e3, 0xe3e3e3, 0x000000, 0x000000, 0x000000, 0x000000, 0x000000, 0xe3e3e3, 0xe3e3e3, 0x000000, 0x000000, 0x000000, 0x000000, 0x000000, 0x000000,
  0x000000, 0x000000, 0x000000, 0xe3e3e3, 0xe3e3e3, 0xe3e3e3, 0xe3e3e3, 0xe3e3e3, 0xe3e3e3, 0xe3e3e3, 0xe3e3e3, 0x000000, 0x000000, 0x000000, 0x000000, 0x000000, 0xe3e3e3, 0xe3e3e3, 0x000000, 0x000000, 0x000000, 0x000000, 0x000000, 0x000000,
  0x000000, 0x000000, 0x000000, 0xe3e3e3, 0xe3e3e3, 0x000000, 0x000000, 0x000000, 0x000000, 0xe3e3e3, 0xe3e3e3, 0x000000, 0x000000, 0x000000, 0x000000, 0x000000, 0xe3e3e3, 0xe3e3e3, 0x000000, 0x000000, 0x000000, 0x000000, 0x000000, 0x000000,
  0x000000, 0x000000, 0x000000, 0xe3e3e3, 0xe3e3e3, 0x000000, 0x000000, 0x000000, 0x000000, 0xe3e3e3, 0xe3e3e3, 0x000000, 0x000000, 0xe3e3e3, 0xe3e3e3, 0xe3e3e3, 0xe3e3e3, 0xe3e3e3, 0xe3e3e3, 0xe3e3e3, 0xe3e3e3, 0x000000, 0x000000, 0x000000,
  0x000000, 0x000000, 0x000000, 0xe3e3e3, 0xe3e3e3, 0x000000, 0x000000, 0x000000, 0x000000, 0xe3e3e3, 0xe3e3e3, 0x000000, 0x000000, 0xe3e3e3, 0xe3e3e3, 0xe3e3e3, 0xe3e3e3, 0xe3e3e3, 0xe3e3e3, 0xe3e3e3, 0xe3e3e3, 0x000000, 0x000000, 0x000000,
  0x000000, 0x000000, 0x000000, 0xe3e3e3, 0xe3e3e3, 0x000000, 0x000000, 0x000000, 0x000000, 0xe3e3e3, 0xe3e3e3, 0x000000, 0x000000, 0x000000, 0x000000, 0x000000, 0xe3e3e3, 0xe3e3e3, 0x000000, 0x000000, 0x000000, 0x000000, 0x000000, 0x000000,
  0x000000, 0x000000, 0x000000, 0xe3e3e3, 0xe3e3e3, 0xe3e3e3, 0xe3e3e3, 0xe3e3e3, 0xe3e3e3, 0xe3e3e3, 0xe3e3e3, 0x000000, 0x000000, 0x000000, 0x000000, 0x000000, 0xe3e3e3, 0xe3e3e3, 0x000000, 0x000000, 0x000000, 0x000000, 0x000000, 0x000000,
  0x000000, 0x000000, 0x000000, 0xe3e3e3, 0xe3e3e3, 0xe3e3e3, 0xe3e3e3, 0xe3e3e3, 0xe3e3e3, 0xe3e3e3, 0xe3e3e3, 0x000000, 0x000000, 0x000000, 0x000000, 0x000000, 0xe3e3e3, 0xe3e3e3, 0x000000, 0x000000, 0x000000, 0x000000, 0x000000, 0x000000,
  0x000000, 0x000000, 0x000000, 0x000000, 0x000000, 0x000000, 0x000000, 0x000000, 0x000000, 0x000000, 0x000000, 0x000000, 0x000000, 0x000000, 0x000000, 0x000000, 0x000000, 0x000000, 0x000000, 0x000000, 0x000000, 0x000000, 0x000000, 0x000000,
  0x000000, 0x000000, 0x000000, 0x000000, 0x000000, 0x000000, 0x000000, 0x000000, 0x000000, 0x000000, 0x000000, 0x000000, 0x000000, 0x000000, 0x000000, 0x000000, 0x000000, 0x000000, 0x000000, 0x000000, 0x000000, 0x000000, 0x000000, 0x000000,
  0x000000, 0x000000, 0x000000, 0x000000, 0x000000, 0x000000, 0x000000, 0x000000, 0x000000, 0x000000, 0x000000, 0x000000, 0x000000, 0x000000, 0x000000, 0x000000, 0x000000, 0x000000, 0x000000, 0x000000, 0x000000, 0x000000, 0x000000, 0x000000,
};

#define IC_SECURITY_W 24
#define IC_SECURITY_H 24
static const uint32_t ic_security[] PROGMEM = {
  0x000000, 0x000000, 0x000000, 0x000000, 0x000000, 0x000000, 0x000000, 0x000000, 0x000000, 0x000000, 0x000000, 0x000000, 0x000000, 0x000000, 0x000000, 0x000000, 0x000000, 0x000000, 0x000000, 0x000000, 0x000000, 0x000000, 0x000000, 0x000000,
  0x000000, 0x000000, 0x000000, 0x000000, 0x000000, 0x000000, 0x000000, 0xe3e3e3, 0xe3e3e3, 0xe3e3e3, 0xe3e3e3, 0xe3e3e3, 0xe3e3e3, 0xe3e3e3, 0xe3e3e3, 0xe3e3e3, 0xe3e3e3, 0x000000, 0x000000, 0x000000, 0x000000, 0x000000, 0x000000, 0x000000,
  0x000000, 0x000000, 0x000000, 0x000000, 0x000000, 0x000000, 0xe3e3e3, 0xe3e3e3, 0xe3e3e3, 0xe3e3e3, 0xe3e3e3, 0xe3e3e3, 0xe3e3e3, 0xe3e3e3, 0xe3e3e3, 0xe3e3e3, 0xe3e3e3, 0xe3e3e3, 0x000000, 0x000000, 0x000000, 0x000000, 0x000000, 0x000000,
  0x000000, 0x000000, 0x000000, 0x000000, 0x000000, 0x000000, 0xe3e3e3, 0xe3e3e3, 0x000000, 0x000000, 0x000000, 0x000000, 0x000000, 0x000000, 0x000000, 0x000000, 0xe3e3e3, 0xe3e3e3, 0x000000, 0x000000, 0x000000, 0x000000, 0x000000, 0x000000,
  0x000000, 0x000000, 0x000000, 0x000000, 0x000000, 0x000000, 0xe3e3e3, 0xe3e3e3, 0x000000, 0x000000, 0x000000, 0x000000, 0x000000, 0x000000, 0x000000, 0x000000, 0xe3e3e3, 0xe3e3e3, 0x000000, 0x000000, 0x000000, 0x000000, 0x000000, 0x000000,
  0x000000, 0x000000, 0x000000, 0x000000, 0x000000, 0x000000, 0xe3e3e3, 0xe3e3e3, 0x000000, 0x000000, 0x000000, 0x000000, 0x000000, 0x000000, 0x000000, 0x000000, 0xe3e3e3, 0xe3e3e3, 0x000000, 0x000000, 0x000000, 0x000000, 0x000000, 0x000000,
  0x000000, 0x000000, 0x000000, 0x000000, 0x000000, 0x000000, 0xe3e3e3, 0xe3e3e3, 0x000000, 0x000000, 0x000000, 0x000000, 0x000000, 0x000000, 0x000000, 0x000000, 0xe3e3e3, 0xe3e3e3, 0x000000, 0x000000, 0x000000, 0x000000, 0x000000, 0x000000,
  0x000000, 0x000000, 0x000000, 0x000000, 0x000000, 0x000000, 0xe3e3e3, 0xe3e3e3, 0x000000, 0x000000, 0xe3e3e3, 0xe3e3e3, 0xe3e3e3, 0xe3e3e3, 0x000000, 0x000000, 0xe3e3e3, 0xe3e3e3, 0x000000, 0x000000, 0x000000, 0x000000, 0x000000, 0x000000,
  0x000000, 0x000000, 0x000000, 0x000000, 0x000000, 0x000000, 0xe3e3e3, 0xe3e3e3, 0x000000, 0xe3e3e3, 0xe3e3e3, 0xe3e3e3, 0xe3e3e3, 0xe3e3e3, 0xe3e3e3, 0x000000, 0xe3e3e3, 0xe3e3e3, 0x000000, 0x000000, 0x000000, 0x000000, 0x000000, 0x000000,
  0x000000, 0x000000, 0x000000, 0x000000, 0x000000, 0x000000, 0xe3e3e3, 0xe3e3e3, 0x000000, 0xe3e3e3, 0xe3e3e3, 0x000000, 0x000000, 0xe3e3e3, 0xe3e3e3, 0x000000, 0xe3e3e3, 0xe3e3e3, 0x000000, 0x000000, 0x000000, 0x000000, 0x000000, 0x000000,
  0x000000, 0x000000, 0x000000, 0x000000, 0x000000, 0x000000, 0xe3e3e3, 0xe3e3e3, 0x000000, 0xe3e3e3, 0xe3e3e3, 0xe3e3e3, 0xe3e3e3, 0xe3e3e3, 0xe3e3e3, 0x000000, 0xe3e3e3, 0xe3e3e3, 0x000000, 0x000000, 0x000000, 0x000000, 0x000000, 0x000000,
  0x000000, 0x000000, 0x000000, 0x000000, 0x000000, 0x000000, 0xe3e3e3, 0xe3e3e3, 0x000000, 0x000000, 0xe3e3e3, 0xe3e3e3, 0xe3e3e3, 0xe3e3e3, 0x000000, 0x000000, 0xe3e3e3, 0xe3e3e3, 0x000000, 0x000000, 0x000000, 0x000000, 0x000000, 0x000000,
  0x000000, 0x000000, 0x000000, 0x000000, 0x000000, 0x000000, 0xe3e3e3, 0xe3e3e3, 0x000000, 0x000000, 0x000000, 0x000000, 0x000000, 0x000000, 0x000000, 0x000000, 0xe3e3e3, 0xe3e3e3, 0x000000, 0x000000, 0x000000, 0x000000, 0x000000, 0x000000,
  0x000000, 0x000000, 0x000000, 0x000000, 0x000000, 0x000000, 0xe3e3e3, 0xe3e3e3, 0x000000, 0x000000, 0x000000, 0x000000, 0x000000, 0x000000, 0x000000, 0x000000, 0xe3e3e3, 0xe3e3e3, 0x000000, 0x000000, 0x000000, 0x000000, 0x000000, 0x000000,
  0x000000, 0x000000, 0x000000, 0x000000, 0x000000, 0x000000, 0xe3e3e3, 0xe3e3e3, 0x000000, 0x000000, 0x000000, 0x000000, 0x000000, 0x000000, 0x000000, 0x000000, 0xe3e3e3, 0xe3e3e3, 0x000000, 0x000000, 0x000000, 0x000000, 0x000000, 0x000000,
  0x000000, 0x000000, 0x000000, 0x000000, 0x000000, 0x000000, 0xe3e3e3, 0xe3e3e3, 0x000000, 0x000000, 0x000000, 0x000000, 0x000000, 0x000000, 0x000000, 0x000000, 0xe3e3e3, 0xe3e3e3, 0x000000, 0x000000, 0x000000, 0x000000, 0x000000, 0x000000,
  0x000000, 0x000000, 0x000000, 0x000000, 0x000000, 0x000000, 0xe3e3e3, 0xe3e3e3, 0xe3e3e3, 0xe3e3e3, 0xe3e3e3, 0xe3e3e3, 0xe3e3e3, 0xe3e3e3, 0xe3e3e3, 0xe3e3e3, 0xe3e3e3, 0xe3e3e3, 0x000000, 0x000000, 0x000000, 0x000000, 0x000000, 0x000000,
  0x000000, 0x000000, 0x000000, 0x000000, 0x000000, 0x000000, 0x000000, 0xe3e3e3, 0xe3e3e3, 0xe3e3e3, 0xe3e3e3, 0xe3e3e3, 0xe3e3e3, 0xe3e3e3, 0xe3e3e3, 0xe3e3e3, 0xe3e3e3, 0x000000, 0x000000, 0x000000, 0x000000, 0x000000, 0x000000, 0x000000,
  0x000000, 0x000000, 0x000000, 0x000000, 0x000000, 0x000000, 0x000000, 0x000000, 0xe3e3e3, 0xe3e3e3, 0x000000, 0x000000, 0x000000, 0x000000, 0xe3e3e3, 0xe3e3e3, 0x000000, 0x000000, 0x000000, 0x000000, 0x000000, 0x000000, 0x000000, 0x000000,
  0x000000, 0x000000, 0x000000, 0x000000, 0x000000, 0x000000, 0x000000, 0x000000, 0xe3e3e3, 0xe3e3e3, 0x000000, 0x000000, 0x000000, 0x000000, 0xe3e3e3, 0xe3e3e3, 0x000000, 0x000000, 0x000000, 0x000000, 0x000000, 0x000000, 0x000000, 0x000000,
  0x000000, 0x000000, 0x000000, 0x000000, 0x000000, 0x000000, 0x000000, 0x000000, 0xe3e3e3, 0xe3e3e3, 0x000000, 0x000000, 0x000000, 0x000000, 0xe3e3e3, 0xe3e3e3, 0x000000, 0x000000, 0x000000, 0x000000, 0x000000, 0x000000, 0x000000, 0x000000,
  0x000000, 0x000000, 0x000000, 0x000000, 0x000000, 0x000000, 0x000000, 0x000000, 0xe3e3e3, 0xe3e3e3, 0xe3e3e3, 0xe3e3e3, 0xe3e3e3, 0xe3e3e3, 0xe3e3e3, 0xe3e3e3, 0x000000, 0x000000, 0x000000, 0x000000, 0x000000, 0x000000, 0x000000, 0x000000,
  0x000000, 0x000000, 0x000000, 0x000000, 0x000000, 0x000000, 0x000000, 0x000000, 0x000000, 0xe3e3e3, 0xe3e3e3, 0xe3e3e3, 0xe3e3e3, 0xe3e3e3, 0xe3e3e3, 0x000000, 0x000000, 0x000000, 0x000000, 0x000000, 0x000000, 0x000000, 0x000000, 0x000000,
  0x000000, 0x000000, 0x000000, 0x000000, 0x000000, 0x000000, 0x000000, 0x000000, 0x000000, 0x000000, 0x000000, 0x000000, 0x000000, 0x000000, 0x000000, 0x000000, 0x000000, 0x000000, 0x000000, 0x000000, 0x000000, 0x000000, 0x000000, 0x000000,
};

#define IC_SETTINGS_W 24
#define IC_SETTINGS_H 24
static const uint32_t ic_settings[] PROGMEM = {
  0x000000, 0x000000, 0x000000, 0x000000, 0x000000, 0x000000, 0x000000, 0x000000, 0x000000, 0x000000, 0x000000, 0x000000, 0x000000, 0x000000, 0x000000, 0x000000, 0x000000, 0x000000, 0x000000, 0x000000, 0x000000, 0x000000, 0x000000, 0x000000,
  0x000000, 0x000000, 0x000000, 0x000000, 0x000000, 0x000000, 0x000000, 0x000000, 0x000000, 0x000000, 0x000000, 0x000000, 0x000000, 0x000000, 0x000000, 0x000000, 0x000000, 0x000000, 0x000000, 0x000000, 0x000000, 0x000000, 0x000000, 0x000000,
  0x000000, 0x000000, 0x000000, 0x000000, 0x000000, 0x000000, 0x000000, 0x000000, 0x000000, 0xe3e3e3, 0xe3e3e3, 0xe3e3e3, 0xe3e3e3, 0xe3e3e3, 0xe3e3e3, 0x000000, 0x000000, 0x000000, 0x000000, 0x000000, 0x000000, 0x000000, 0x000000, 0x000000,
  0x000000, 0x000000, 0x000000, 0x000000, 0x000000, 0x000000, 0x000000, 0x000000, 0x000000, 0xe3e3e3, 0xe3e3e3, 0xe3e3e3, 0xe3e3e3, 0xe3e3e3, 0xe3e3e3, 0x000000, 0x000000, 0x000000, 0x000000, 0x000000, 0x000000, 0x000000, 0x000000, 0x000000,
  0x000000, 0x000000, 0x000000, 0x000000, 0x000000, 0x000000, 0x000000, 0x000000, 0x000000, 0xe3e3e3, 0xe3e3e3, 0x000000, 0x000000, 0xe3e3e3, 0xe3e3e3, 0x000000, 0x000000, 0x000000, 0x000000, 0x000000, 0x000000, 0x000000, 0x000000, 0x000000,
  0x000000, 0x000000, 0x000000, 0x000000, 0xe3e3e3, 0xe3e3e3, 0xe3e3e3, 0x000000, 0xe2e2e2, 0xe3e3e3, 0xe3e3e3, 0x000000, 0x000000, 0xe3e3e3, 0xe3e3e3, 0xe3e3e3, 0x000000, 0xe3e3e3, 0xe3e3e3, 0xe3e3e3, 0x000000, 0x000000, 0x000000, 0x000000,
  0x000000, 0x000000, 0x000000, 0x000000, 0xe3e3e3, 0xe3e3e3, 0xe3e3e3, 0xe3e3e3, 0xe3e3e3, 0xe3e3e3, 0xe3e3e3, 0x000000, 0x000000, 0xe2e2e2, 0xe3e3e3, 0xe3e3e3, 0xe3e3e3, 0xe3e3e3, 0xe3e3e3, 0xe3e3e3, 0x000000, 0x000000, 0x000000, 0x000000,
  0x000000, 0x000000, 0x000000, 0xe3e3e3, 0xe3e3e3, 0x000000, 0xe3e3e3, 0xe3e3e3, 0xe2e2e2, 0x000000, 0x000000, 0x000000, 0x000000, 0x000000, 0x000000, 0xe3e3e3, 0xe3e3e3, 0xe3e3e3, 0x000000, 0xe3e3e3, 0xe3e3e3, 0x000000, 0x000000, 0x000000,
  0x000000, 0x000000, 0xe2e2e2, 0xe3e3e3, 0xe3e3e3, 0x000000, 0x000000, 0x000000, 0x000000, 0x000000, 0x000000, 0x000000, 0x000000, 0x000000, 0x000000, 0x000000, 0x000000, 0x000000, 0x000000, 0xe2e2e2, 0xe3e3e3, 0xe3e3e3, 0x000000, 0x000000,
  0x000000, 0x000000, 0xe3e3e3, 0xe3e3e3, 0xe3e3e3, 0x000000, 0x000000, 0x000000, 0x000000, 0x000000, 0xe3e3e3, 0xe3e3e3, 0xe3e3e3, 0xe3e3e3, 0x000000, 0x000000, 0x000000, 0x000000, 0x000000, 0xe3e3e3, 0xe3e3e3, 0xe3e3e3, 0x000000, 0x000000,
  0x000000, 0x000000, 0x000000, 0xe3e3e3, 0xe3e3e3, 0xe3e3e3, 0xe3e3e3, 0x000000, 0x000000, 0xe3e3e3, 0xe3e3e3, 0xe3e3e3, 0xe3e3e3, 0xe3e3e3, 0xe3e3e3, 0x000000, 0x000000, 0xe3e3e3, 0xe3e3e3, 0xe3e3e3, 0xe3e3e3, 0x000000, 0x000000, 0x000000,
  0x000000, 0x000000, 0x000000, 0x000000, 0xe1e1e1, 0xe3e3e3, 0xe3e3e3, 0x000000, 0x000000, 0xe3e3e3, 0xe3e3e3, 0xe3e3e3, 0xe3e3e3, 0xe3e3e3, 0xe3e3e3, 0x000000, 0x000000, 0xe3e3e3, 0xe3e3e3, 0xe1e1e1, 0x000000, 0x000000, 0x000000, 0x000000,
  0x000000, 0x000000, 0x000000, 0x000000, 0xe1e1e1, 0xe3e3e3, 0xe2e2e2, 0x000000, 0x000000, 0xe3e3e3, 0xe3e3e3, 0xe3e3e3, 0xe3e3e3, 0xe3e3e3, 0xe3e3e3, 0x000000, 0x000000, 0xe3e3e3, 0xe3e3e3, 0x000000, 0x000000, 0x000000, 0x000000, 0x000000,
  0x000000, 0x000000, 0x000000, 0xe3e3e3, 0xe3e3e3, 0xe3e3e3, 0xe2e2e2, 0x000000, 0x000000, 0xe3e3e3, 0xe3e3e3, 0xe3e3e3, 0xe3e3e3, 0xe3e3e3, 0xe3e3e3, 0x000000, 0x000000, 0xe3e3e3, 0xe3e3e3, 0xe3e3e3, 0x000000, 0x000000, 0x000000, 0x000000,
  0x000000, 0x000000, 0xe3e3e3, 0xe3e3e3, 0xe3e3e3, 0x000000, 0x000000, 0x000000, 0x000000, 0x000000, 0xe3e3e3, 0xe3e3e3, 0xe3e3e3, 0xe3e3e3, 0x000000, 0x000000, 0x000000, 0x000000, 0x000000, 0xe3e3e3, 0xe3e3e3, 0xe3e3e3, 0x000000, 0x000000,
  0x000000, 0x000000, 0xe2e2e2, 0xe3e3e3, 0xe3e3e3, 0x000000, 0x000000, 0x000000, 0x000000, 0x000000, 0x000000, 0x000000, 0x000000, 0x000000, 0x000000, 0x000000, 0x000000, 0x000000, 0x000000, 0xe2e2e2, 0xe3e3e3, 0x000000, 0x000000, 0x000000,
  0x000000, 0x000000, 0x000000, 0xe3e3e3, 0xe3e3e3, 0x000000, 0xe3e3e3, 0xe3e3e3, 0xe2e2e2, 0x000000, 0x000000, 0x000000, 0x000000, 0x000000, 0x000000, 0xe3e3e3, 0xe3e3e3, 0xe3e3e3, 0x000000, 0xe3e3e3, 0xe3e3e3, 0x000000, 0x000000, 0x000000,
  0x000000, 0x000000, 0x000000, 0x000000, 0xe3e3e3, 0xe3e3e3, 0xe3e3e3, 0xe3e3e3, 0xe3e3e3, 0xe3e3e3, 0xe3e3e3, 0x000000, 0x000000, 0xe2e2e2, 0xe3e3e3, 0xe3e3e3, 0xe3e3e3, 0xe3e3e3, 0xe3e3e3, 0xe3e3e3, 0x000000, 0x000000, 0x000000, 0x000000,
  0x000000, 0x000000, 0x000000, 0x000000, 0xe3e3e3, 0xe3e3e3, 0xe3e3e3, 0x000000, 0xe2e2e2, 0xe3e3e3, 0xe3e3e3, 0x000000, 0x000000, 0xe3e3e3, 0xe3e3e3, 0xe3e3e3, 0x000000, 0xe3e3e3, 0xe3e3e3, 0xe3e3e3, 0x000000, 0x000000, 0x000000, 0x000000,
  0x000000, 0x000000, 0x000000, 0x000000, 0x000000, 0x000000, 0x000000, 0x000000, 0x000000, 0xe3e3e3, 0xe3e3e3, 0x000000, 0x000000, 0xe3e3e3, 0xe3e3e3, 0x000000, 0x000000, 0x000000, 0x000000, 0x000000, 0x000000, 0x000000, 0x000000, 0x000000,
  0x000000, 0x000000, 0x000000, 0x000000, 0x000000, 0x000000, 0x000000, 0x000000, 0x000000, 0xe3e3e3, 0xe3e3e3, 0xe3e3e3, 0xe3e3e3, 0xe3e3e3, 0xe3e3e3, 0x000000, 0x000000, 0x000000, 0x000000, 0x000000, 0x000000, 0x000000, 0x000000, 0x000000,
  0x000000, 0x000000, 0x000000, 0x000000, 0x000000, 0x000000, 0x000000, 0x000000, 0x000000, 0xe3e3e3, 0xe3e3e3, 0xe3e3e3, 0xe3e3e3, 0xe3e3e3, 0xe3e3e3, 0x000000, 0x000000, 0x000000, 0x000000, 0x000000, 0x000000, 0x000000, 0x000000, 0x000000,
  0x000000, 0x000000, 0x000000, 0x000000, 0x000000, 0x000000, 0x000000, 0x000000, 0x000000, 0x000000, 0x000000, 0x000000, 0x000000, 0x000000, 0x000000, 0x000000, 0x000000, 0x000000, 0x000000, 0x000000, 0x000000, 0x000000, 0x000000, 0x000000,
  0x000000, 0x000000, 0x000000, 0x000000, 0x000000, 0x000000, 0x000000, 0x000000, 0x000000, 0x000000, 0x000000, 0x000000, 0x000000, 0x000000, 0x000000, 0x000000, 0x000000, 0x000000, 0x000000, 0x000000, 0x000000, 0x000000, 0x000000, 0x000000,
};

#define IC_SETUP_W 24
#define IC_SETUP_H 24
static const uint32_t ic_setup[] PROGMEM = {
  0x000000, 0x000000, 0x000000, 0x000000, 0x000000, 0x000000, 0x000000, 0x000000, 0x000000, 0x000000, 0x000000, 0x000000, 0x000000, 0x000000, 0x000000, 0x000000, 0x000000, 0x000000, 0x000000, 0x000000, 0x000000, 0x000000, 0x000000, 0x000000,
  0x000000, 0x000000, 0x000000, 0x000000, 0x000000, 0x000000, 0x000000, 0x000000, 0x000000, 0x000000, 0x000000, 0x000000, 0x000000, 0x000000, 0x000000, 0x000000, 0x000000, 0x000000, 0x000000, 0x000000, 0x000000, 0x000000, 0x000000, 0x000000,
  0x000000, 0x000000, 0x000000, 0x000000, 0x000000, 0x000000, 0x000000, 0xe3e3e3, 0xe3e3e3, 0xe3e3e3, 0xe3e3e3, 0xe3e3e3, 0xe3e3e3, 0xe3e3e3, 0xe3e3e3, 0xe3e3e3, 0xe3e3e3, 0x000000, 0x000000, 0x000000, 0x000000, 0x000000, 0x000000, 0x000000,
  0x000000, 0x000000, 0x000000, 0x000000, 0x000000, 0x000000, 0xe3e3e3, 0xe3e3e3, 0xe3e3e3, 0xe3e3e3, 0xe3e3e3, 0xe3e3e3, 0xe3e3e3, 0xe3e3e3, 0xe3e3e3, 0xe3e3e3, 0xe3e3e3, 0xe3e3e3, 0x000000, 0x000000, 0x000000, 0x000000, 0x000000, 0x000000,
  0x000000, 0x000000, 0x000000, 0x000000, 0x000000, 0x000000, 0xe3e3e3, 0xe3e3e3, 0x000000, 0x000000, 0x000000, 0x000000, 0x000000, 0x000000, 0x000000, 0x000000, 0xe3e3e3, 0xe3e3e3, 0x000000, 0x000000, 0x000000, 0x000000, 0x000000, 0x000000,
  0x000000, 0x000000, 0x000000, 0x000000, 0x000000, 0x000000, 0xe3e3e3, 0xe3e3e3, 0x000000, 0x000000, 0xe3e3e3, 0x000000, 0x000000, 0xe3e3e3, 0x000000, 0x000000, 0xe3e3e3, 0xe3e3e3, 0x000000, 0x000000, 0x000000, 0x000000, 0x000000, 0x000000,
  0x000000, 0x000000, 0x000000, 0x000000, 0x000000, 0x000000, 0xe3e3e3, 0xe3e3e3, 0x000000, 0x000000, 0xe3e3e3, 0x000000, 0x000000, 0xe3e3e3, 0x000000, 0x000000, 0xe3e3e3, 0xe3e3e3, 0x000000, 0x000000, 0x000000, 0x000000, 0x000000, 0x000000,
  0x000000, 0x000000, 0x000000, 0x000000, 0x000000, 0xe3e3e3, 0xe3e3e3, 0xe3e3e3, 0xe3e3e3, 0xe3e3e3, 0xe3e3e3, 0xe3e3e3, 0xe3e3e3, 0xe3e3e3, 0xe3e3e3, 0xe3e3e3, 0xe3e3e3, 0xe3e3e3, 0xe3e3e3, 0x000000, 0x000000, 0x000000, 0x000000, 0x000000,
  0x000000, 0x000000, 0x000000, 0x000000, 0x000000, 0xe3e3e3, 0xe3e3e3, 0xe3e3e3, 0xe3e3e3, 0xe3e3e3, 0xe3e3e3, 0xe3e3e3, 0xe3e3e3, 0xe3e3e3, 0xe3e3e3, 0xe3e3e3, 0xe3e3e3, 0xe3e3e3, 0xe3e3e3, 0x000000, 0x000000, 0x000000, 0x000000, 0x000000,
  0x000000, 0x000000, 0x000000, 0x000000, 0x000000, 0xe3e3e3, 0xe3e3e3, 0x000000, 0x000000, 0x000000, 0x000000, 0x000000, 0x000000, 0x000000, 0x000000, 0x000000, 0x000000, 0xe3e3e3, 0xe3e3e3, 0x000000, 0x000000, 0x000000, 0x000000, 0x000000,
  0x000000, 0x000000, 0x000000, 0x000000, 0x000000, 0xe3e3e3, 0xe3e3e3, 0x000000, 0x000000, 0x000000, 0x000000, 0x000000, 0x000000, 0x000000, 0x000000, 0x000000, 0x000000, 0xe3e3e3, 0xe3e3e3, 0x000000, 0x000000, 0x000000, 0x000000, 0x000000,
  0x000000, 0x000000, 0x000000, 0x000000, 0x000000, 0xe3e3e3, 0xe3e3e3, 0x000000, 0x000000, 0x000000, 0x000000, 0x000000, 0x000000, 0x000000, 0x000000, 0x000000, 0x000000, 0xe3e3e3, 0xe3e3e3, 0x000000, 0x000000, 0x000000, 0x000000, 0x000000,
  0x000000, 0x000000, 0x000000, 0x000000, 0x000000, 0xe3e3e3, 0xe3e3e3, 0x000000, 0x000000, 0x000000, 0x000000, 0x000000, 0x000000, 0x000000, 0x000000, 0x000000, 0x000000, 0xe3e3e3, 0xe3e3e3, 0x000000, 0x000000, 0x000000, 0x000000, 0x000000,
  0x000000, 0x000000, 0x000000, 0x000000, 0x000000, 0xe3e3e3, 0xe3e3e3, 0xe1e1e1, 0x000000, 0x000000, 0x000000, 0x000000, 0x000000, 0x000000, 0x000000, 0x000000, 0xe1e1e1, 0xe3e3e3, 0xe3e3e3, 0x000000, 0x000000, 0x000000, 0x000000, 0x000000,
  0x000000, 0x000000, 0x000000, 0x000000, 0x000000, 0x000000, 0xe3e3e3, 0xe3e3e3, 0x000000, 0x000000, 0x000000, 0x000000, 0x000000, 0x000000, 0x000000, 0x000000, 0xe3e3e3, 0xe3e3e3, 0x000000, 0x000000, 0x000000, 0x000000, 0x000000, 0x000000,
  0x000000, 0x000000, 0x000000, 0x000000, 0x000000, 0x000000, 0xe3e3e3, 0xe3e3e3, 0xe1e1e1, 0x000000, 0x000000, 0x000000, 0x000000, 0x000000, 0x000000, 0xe1e1e1, 0xe3e3e3, 0xe3e3e3, 0x000000, 0x000000, 0x000000, 0x000000, 0x000000, 0x000000,
  0x000000, 0x000000, 0x000000, 0x000000, 0x000000, 0x000000, 0x000000, 0xe3e3e3, 0xe3e3e3, 0x000000, 0x000000, 0x000000, 0x000000, 0x000000, 0x000000, 0xe3e3e3, 0xe3e3e3, 0x000000, 0x000000, 0x000000, 0x000000, 0x000000, 0x000000, 0x000000,
  0x000000, 0x000000, 0x000000, 0x000000, 0x000000, 0x000000, 0x000000, 0xe3e3e3, 0xe3e3e3, 0xe1e1e1, 0x000000, 0x000000, 0x000000, 0x000000, 0xe1e1e1, 0xe3e3e3, 0xe3e3e3, 0x000000, 0x000000, 0x000000, 0x000000, 0x000000, 0x000000, 0x000000,
  0x000000, 0x000000, 0x000000, 0x000000, 0x000000, 0x000000, 0x000000, 0x000000, 0xe3e3e3, 0xe3e3e3, 0x000000, 0x000000, 0x000000, 0x000000, 0xe3e3e3, 0xe3e3e3, 0x000000, 0x000000, 0x000000, 0x000000, 0x000000, 0x000000, 0x000000, 0x000000,
  0x000000, 0x000000, 0x000000, 0x000000, 0x000000, 0x000000, 0x000000, 0x000000, 0xe3e3e3, 0xe3e3e3, 0x000000, 0x000000, 0x000000, 0x000000, 0xe3e3e3, 0xe3e3e3, 0x000000, 0x000000, 0x000000, 0x000000, 0x000000, 0x000000, 0x000000, 0x000000,
  0x000000, 0x000000, 0x000000, 0x000000, 0x000000, 0x000000, 0x000000, 0x000000, 0xe3e3e3, 0xe3e3e3, 0xe3e3e3, 0xe3e3e3, 0xe3e3e3, 0xe3e3e3, 0xe3e3e3, 0xe3e3e3, 0x000000, 0x000000, 0x000000, 0x000000, 0x000000, 0x000000, 0x000000, 0x000000,
  0x000000, 0x000000, 0x000000, 0x000000, 0x000000, 0x000000, 0x000000, 0x000000, 0xe3e3e3, 0xe3e3e3, 0xe3e3e3, 0xe3e3e3, 0xe3e3e3, 0xe3e3e3, 0xe3e3e3, 0xe3e3e3, 0x000000, 0x000000, 0x000000, 0x000000, 0x000000, 0x000000, 0x000000, 0x000000,
  0x000000, 0x000000, 0x000000, 0x000000, 0x000000, 0x000000, 0x000000, 0x000000, 0x000000, 0x000000, 0x000000, 0x000000, 0x000000, 0x000000, 0x000000, 0x000000, 0x000000, 0x000000, 0x000000, 0x000000, 0x000000, 0x000000, 0x000000, 0x000000,
  0x000000, 0x000000, 0x000000, 0x000000, 0x000000, 0x000000, 0x000000, 0x000000, 0x000000, 0x000000, 0x000000, 0x000000, 0x000000, 0x000000, 0x000000, 0x000000, 0x000000, 0x000000, 0x000000, 0x000000, 0x000000, 0x000000, 0x000000, 0x000000,
};

#define IC_SNIFFER_W 24
#define IC_SNIFFER_H 24
static const uint32_t ic_sniffer[] PROGMEM = {
  0x000000, 0x000000, 0x000000, 0x000000, 0x000000, 0x000000, 0x000000, 0x000000, 0x000000, 0x000000, 0x000000, 0x000000, 0x000000, 0x000000, 0x000000, 0x000000, 0x000000, 0x000000, 0x000000, 0x000000, 0x000000, 0x000000, 0x000000, 0x000000,
  0x000000, 0x000000, 0x000000, 0x000000, 0x000000, 0x000000, 0x000000, 0x000000, 0x000000, 0x000000, 0x000000, 0x000000, 0x000000, 0x000000, 0x000000, 0x000000, 0x000000, 0x000000, 0x000000, 0x000000, 0x000000, 0x000000, 0x000000, 0x000000,
  0x000000, 0x000000, 0x000000, 0x000000, 0x000000, 0x000000, 0x000000, 0x000000, 0x000000, 0x000000, 0xe2e2e2, 0xe3e3e3, 0xe3e3e3, 0xe2e2e2, 0x000000, 0x000000, 0x000000, 0x000000, 0x000000, 0x000000, 0x000000, 0x000000, 0x000000, 0x000000,
  0x000000, 0x000000, 0x000000, 0x000000, 0x000000, 0x000000, 0x000000, 0x000000, 0x000000, 0xe3e3e3, 0xe3e3e3, 0xe3e3e3, 0xe3e3e3, 0xe3e3e3, 0xe3e3e3, 0x000000, 0x000000, 0x000000, 0x000000, 0x000000, 0x000000, 0x000000, 0x000000, 0x000000,
  0x000000, 0x000000, 0x000000, 0x000000, 0x000000, 0x000000, 0x000000, 0x000000, 0x000000, 0xe3e3e3, 0xe3e3e3, 0xe3e3e3, 0xe3e3e3, 0xe3e3e3, 0xe3e3e3, 0x000000, 0x000000, 0x000000, 0x000000, 0x000000, 0x000000, 0x000000, 0x000000, 0x000000,
  0x000000, 0x000000, 0x000000, 0x000000, 0x000000, 0x000000, 0x000000, 0x000000, 0x000000, 0xe3e3e3, 0xe3e3e3, 0xe3e3e3, 0xe3e3e3, 0xe3e3e3, 0xe3e3e3, 0x000000, 0x000000, 0x000000, 0x000000, 0x000000, 0x000000, 0x000000, 0x000000, 0x000000,
  0x000000, 0x000000, 0x000000, 0x000000, 0x000000, 0x000000, 0x000000, 0x000000, 0x000000, 0xe2e2e2, 0xe3e3e3, 0xe3e3e3, 0xe3e3e3, 0xe3e3e3, 0xe3e3e3, 0x000000, 0x000000, 0x000000, 0x000000, 0x000000, 0x000000, 0x000000, 0x000000, 0x000000,
  0x000000, 0x000000, 0x000000, 0x000000, 0x000000, 0x000000, 0x000000, 0x000000, 0x000000, 0x000000, 0xe3e3e3, 0xe3e3e3, 0xe3e3e3, 0xe3e3e3, 0x000000, 0x000000, 0x000000, 0x000000, 0x000000, 0x000000, 0x000000, 0x000000, 0x000000, 0x000000,
  0x000000, 0x000000, 0x000000, 0x000000, 0x000000, 0x000000, 0x000000, 0x000000, 0x000000, 0x000000, 0x000000, 0x000000, 0x000000, 0x000000, 0x000000, 0x000000, 0x000000, 0x000000, 0x000000, 0x000000, 0x000000, 0x000000, 0x000000, 0x000000,
  0x000000, 0x000000, 0x000000, 0x000000, 0x000000, 0x000000, 0x000000, 0x000000, 0x000000, 0xe3e3e3, 0xe3e3e3, 0xe3e3e3, 0xe3e3e3, 0xe3e3e3, 0xe3e3e3, 0x000000, 0x000000, 0x000000, 0x000000, 0x000000, 0x000000, 0x000000, 0x000000, 0x000000,
  0x000000, 0x000000, 0x000000, 0x000000, 0x000000, 0x000000, 0x000000, 0xe3e3e3, 0xe3e3e3, 0xe3e3e3, 0xe3e3e3, 0xe3e3e3, 0xe3e3e3, 0xe3e3e3, 0xe3e3e3, 0xe3e3e3, 0xe3e3e3, 0x000000, 0x000000, 0x000000, 0x000000, 0x000000, 0x000000, 0x000000,
  0x000000, 0x000000, 0x000000, 0x000000, 0x000000, 0x000000, 0xe3e3e3, 0xe3e3e3, 0xe3e3e3, 0xe3e3e3, 0xe3e3e3, 0x000000, 0x000000, 0xe3e3e3, 0xe3e3e3, 0xe3e3e3, 0xe3e3e3, 0xe3e3e3, 0x000000, 0x000000, 0x000000, 0x000000, 0x000000, 0x000000,
  0x000000, 0x000000, 0x000000, 0x000000, 0x000000, 0x000000, 0xe3e3e3, 0xe3e3e3, 0xe3e3e3, 0xe3e3e3, 0x000000, 0x000000, 0x000000, 0x000000, 0xe3e3e3, 0xe3e3e3, 0xe3e3e3, 0xe3e3e3, 0x000000, 0x000000, 0x000000, 0x000000, 0x000000, 0x000000,
  0x000000, 0x000000, 0x000000, 0x000000, 0x000000, 0xe1e1e1, 0xe3e3e3, 0xe3e3e3, 0xe3e3e3, 0xe3e3e3, 0x000000, 0x000000, 0x000000, 0x000000, 0xe3e3e3, 0xe3e3e3, 0xe3e3e3, 0xe3e3e3, 0xe1e1e1, 0x000000, 0x000000, 0x000000, 0x000000, 0x000000,
  0x000000, 0x000000, 0x000000, 0x000000, 0x000000, 0xe1e1e1, 0xe3e3e3, 0xe3e3e3, 0xe3e3e3, 0xe3e3e3, 0xe3e3e3, 0x000000, 0x000000, 0xe3e3e3, 0xe3e3e3, 0xe3e3e3, 0xe3e3e3, 0xe3e3e3, 0xe1e1e1, 0x000000, 0x000000, 0x000000, 0x000000, 0x000000,
  0x000000, 0x000000, 0x000000, 0x000000, 0x000000, 0xe1e1e1, 0xe3e3e3, 0xe3e3e3, 0xe3e3e3, 0xe3e3e3, 0xe3e3e3, 0xe3e3e3, 0xe3e3e3, 0xe3e3e3, 0xe3e3e3, 0xe3e3e3, 0xe3e3e3, 0xe3e3e3, 0xe1e1e1, 0x000000, 0x000000, 0x000000, 0x000000, 0x000000,
  0x000000, 0x000000, 0x000000, 0x000000, 0x000000, 0xe1e1e1, 0xe3e3e3, 0xe3e3e3, 0xe3e3e3, 0xe3e3e3, 0xe3e3e3, 0xe3e3e3, 0xe3e3e3, 0xe3e3e3, 0xe3e3e3, 0xe3e3e3, 0xe3e3e3, 0xe3e3e3, 0xe1e1e1, 0x000000, 0x000000, 0x000000, 0x000000, 0x000000,
  0x000000, 0x000000, 0x000000, 0x000000, 0x000000, 0xe1e1e1, 0xe3e3e3, 0xe3e3e3, 0xe3e3e3, 0x000000, 0x000000, 0x000000, 0x000000, 0x000000, 0x000000, 0xe3e3e3, 0xe3e3e3, 0xe3e3e3, 0xe1e1e1, 0x000000, 0x000000, 0x000000, 0x000000, 0x000000,
  0x000000, 0x000000, 0x000000, 0x000000, 0x000000, 0x000000, 0xe3e3e3, 0xe3e3e3, 0x000000, 0x000000, 0x000000, 0x000000, 0x000000, 0x000000, 0x000000, 0x000000, 0xe3e3e3, 0xe3e3e3, 0x000000, 0x000000, 0x000000, 0x000000, 0x000000, 0x000000,
  0x000000, 0x000000, 0x000000, 0x000000, 0x000000, 0x000000, 0xe3e3e3, 0xe3e3e3, 0xe3e3e3, 0xe3e3e3, 0xe3e3e3, 0xe3e3e3, 0xe3e3e3, 0x000000, 0x000000, 0x000000, 0xe3e3e3, 0xe3e3e3, 0x000000, 0x000000, 0x000000, 0x000000, 0x000000, 0x000000,
  0x000000, 0x000000, 0x000000, 0x000000, 0x000000, 0x000000, 0x000000, 0xe3e3e3, 0xe3e3e3, 0xe3e3e3, 0xe3e3e3, 0xe3e3e3, 0xe3e3e3, 0x000000, 0x000000, 0x000000, 0xe3e3e3, 0x000000, 0x000000, 0x000000, 0x000000, 0x000000, 0x000000, 0x000000,
  0x000000, 0x000000, 0x000000, 0x000000, 0x000000, 0x000000, 0x000000, 0x000000, 0x000000, 0xe2e2e2, 0xe3e3e3, 0xe3e3e3, 0xe3e3e3, 0x000000, 0x000000, 0x000000, 0x000000, 0x000000, 0x000000, 0x000000, 0x000000, 0x000000, 0x000000, 0x000000,
  0x000000, 0x000000, 0x000000, 0x000000, 0x000000, 0x000000, 0x000000, 0x000000, 0x000000, 0x000000, 0x000000, 0x000000, 0x000000, 0x000000, 0x000000, 0x000000, 0x000000, 0x000000, 0x000000, 0x000000, 0x000000, 0x000000, 0x000000, 0x000000,
  0x000000, 0x000000, 0x000000, 0x000000, 0x000000, 0x000000, 0x000000, 0x000000, 0x000000, 0x000000, 0x000000, 0x000000, 0x000000, 0x000000, 0x000000, 0x000000, 0x000000, 0x000000, 0x000000, 0x000000, 0x000000, 0x000000, 0x000000, 0x000000,
};

#define IC_TERMINAL_W 24
#define IC_TERMINAL_H 24
static const uint32_t ic_terminal[] PROGMEM = {
  0x000000, 0x000000, 0x000000, 0x000000, 0x000000, 0x000000, 0x000000, 0x000000, 0x000000, 0x000000, 0x000000, 0x000000, 0x000000, 0x000000, 0x000000, 0x000000, 0x000000, 0x000000, 0x000000, 0x000000, 0x000000, 0x000000, 0x000000, 0x000000,
  0x000000, 0x000000, 0x000000, 0x000000, 0x000000, 0x000000, 0x000000, 0x000000, 0x000000, 0x000000, 0x000000, 0x000000, 0x000000, 0x000000, 0x000000, 0x000000, 0x000000, 0x000000, 0x000000, 0x000000, 0x000000, 0x000000, 0x000000, 0x000000,
  0x000000, 0x000000, 0x000000, 0x000000, 0x000000, 0x000000, 0x000000, 0x000000, 0x000000, 0x000000, 0x000000, 0x000000, 0x000000, 0x000000, 0x000000, 0x000000, 0x000000, 0x000000, 0x000000, 0x000000, 0x000000, 0x000000, 0x000000, 0x000000,
  0x000000, 0x000000, 0x000000, 0x000000, 0xe3e3e3, 0xe3e3e3, 0xe3e3e3, 0xe3e3e3, 0xe3e3e3, 0xe3e3e3, 0xe3e3e3, 0xe3e3e3, 0xe3e3e3, 0xe3e3e3, 0xe3e3e3, 0xe3e3e3, 0xe3e3e3, 0xe3e3e3, 0xe3e3e3, 0xe3e3e3, 0x000000, 0x000000, 0x000000, 0x000000,
  0x000000, 0x000000, 0x000000, 0xe3e3e3, 0xe3e3e3, 0xe3e3e3, 0xe3e3e3, 0xe3e3e3, 0xe3e3e3, 0xe3e3e3, 0xe3e3e3, 0xe3e3e3, 0xe3e3e3, 0xe3e3e3, 0xe3e3e3, 0xe3e3e3, 0xe3e3e3, 0xe3e3e3, 0xe3e3e3, 0xe3e3e3, 0xe3e3e3, 0x000000, 0x000000, 0x000000,
  0x000000, 0x000000, 0x000000, 0xe3e3e3, 0xe3e3e3, 0xe3e3e3, 0xe3e3e3, 0xe3e3e3, 0xe3e3e3, 0xe3e3e3, 0xe3e3e3, 0xe3e3e3, 0xe3e3e3, 0xe3e3e3, 0xe3e3e3, 0xe3e3e3, 0xe3e3e3, 0xe3e3e3, 0xe3e3e3, 0xe3e3e3, 0xe3e3e3, 0x000000, 0x000000, 0x000000,
  0x000000, 0x000000, 0x000000, 0xe3e3e3, 0xe3e3e3, 0xe3e3e3, 0xe3e3e3, 0xe3e3e3, 0xe3e3e3, 0xe3e3e3, 0xe3e3e3, 0xe3e3e3, 0xe3e3e3, 0xe3e3e3, 0xe3e3e3, 0xe3e3e3, 0xe3e3e3, 0xe3e3e3, 0xe3e3e3, 0xe3e3e3, 0xe3e3e3, 0x000000, 0x000000, 0x000000,
  0x000000, 0x000000, 0x000000, 0xe3e3e3, 0xe3e3e3, 0xe3e3e3, 0xe3e3e3, 0xe3e3e3, 0xe3e3e3, 0xe3e3e3, 0xe3e3e3, 0xe3e3e3, 0xe3e3e3, 0xe3e3e3, 0xe3e3e3, 0xe3e3e3, 0xe3e3e3, 0xe3e3e3, 0xe3e3e3, 0xe3e3e3, 0xe3e3e3, 0x000000, 0x000000, 0x000000,
  0x000000, 0x000000, 0x000000, 0xe3e3e3, 0xe3e3e3, 0x000000, 0x000000, 0x000000, 0x000000, 0x000000, 0x000000, 0x000000, 0x000000, 0x000000, 0x000000, 0x000000, 0x000000, 0x000000, 0x000000, 0xe3e3e3, 0xe3e3e3, 0x000000, 0x000000, 0x000000,
  0x000000, 0x000000, 0x000000, 0xe3e3e3, 0xe3e3e3, 0x000000, 0x000000, 0x000000, 0x000000, 0x000000, 0x000000, 0x000000, 0x000000, 0x000000, 0x000000, 0x000000, 0x000000, 0x000000, 0x000000, 0xe3e3e3, 0xe3e3e3, 0x000000, 0x000000, 0x000000,
  0x000000, 0x000000, 0x000000, 0xe3e3e3, 0xe3e3e3, 0x000000, 0x000000, 0x000000, 0x000000, 0x000000, 0x000000, 0x000000, 0x000000, 0x000000, 0x000000, 0x000000, 0x000000, 0x000000, 0x000000, 0xe3e3e3, 0xe3e3e3, 0x000000, 0x000000, 0x000000,
  0x000000, 0x000000, 0x000000, 0xe3e3e3, 0xe3e3e3, 0x000000, 0x000000, 0x000000, 0x000000, 0x000000, 0x000000, 0x000000, 0x000000, 0x000000, 0x000000, 0x000000, 0x000000, 0x000000, 0x000000, 0xe3e3e3, 0xe3e3e3, 0x000000, 0x000000, 0x000000,
  0x000000, 0x000000, 0x000000, 0xe3e3e3, 0xe3e3e3, 0x000000, 0x000000, 0x000000, 0x000000, 0x000000, 0x000000, 0x000000, 0x000000, 0x000000, 0x000000, 0x000000, 0x000000, 0x000000, 0x000000, 0xe3e3e3, 0xe3e3e3, 0x000000, 0x000000, 0x000000,
  0x000000, 0x000000, 0x000000, 0xe3e3e3, 0xe3e3e3, 0x000000, 0x000000, 0x000000, 0x000000, 0x000000, 0x000000, 0x000000, 0x000000, 0x000000, 0x000000, 0x000000, 0x000000, 0x000000, 0x000000, 0xe3e3e3, 0xe3e3e3, 0x000000, 0x000000, 0x000000,
  0x000000, 0x000000, 0x000000, 0xe3e3e3, 0xe3e3e3, 0x000000, 0x000000, 0x000000, 0x000000, 0x000000, 0x000000, 0x000000, 0x000000, 0x000000, 0x000000, 0x000000, 0x000000, 0x000000, 0x000000, 0xe3e3e3, 0xe3e3e3, 0x000000, 0x000000, 0x000000,
  0x000000, 0x000000, 0x000000, 0xe3e3e3, 0xe3e3e3, 0x000000, 0x000000, 0x000000, 0x000000, 0x000000, 0x000000, 0x000000, 0x000000, 0x000000, 0x000000, 0x000000, 0x000000, 0x000000, 0x000000, 0xe3e3e3, 0xe3e3e3, 0x000000, 0x000000, 0x000000,
  0x000000, 0x000000, 0x000000, 0xe3e3e3, 0xe3e3e3, 0x000000, 0x000000, 0x000000, 0x000000, 0x000000, 0x000000, 0x000000, 0x000000, 0x000000, 0x000000, 0x000000, 0x000000, 0x000000, 0x000000, 0xe3e3e3, 0xe3e3e3, 0x000000, 0x000000, 0x000000,
  0x000000, 0x000000, 0x000000, 0xe3e3e3, 0xe3e3e3, 0x000000, 0x000000, 0x000000, 0x000000, 0x000000, 0x000000, 0x000000, 0x000000, 0x000000, 0x000000, 0x000000, 0x000000, 0x000000, 0x000000, 0xe3e3e3, 0xe3e3e3, 0x000000, 0x000000, 0x000000,
  0x000000, 0x000000, 0x000000, 0xe3e3e3, 0xe3e3e3, 0x000000, 0x000000, 0x000000, 0x000000, 0x000000, 0x000000, 0x000000, 0x000000, 0x000000, 0x000000, 0x000000, 0x000000, 0x000000, 0x000000, 0xe3e3e3, 0xe3e3e3, 0x000000, 0x000000, 0x000000,
  0x000000, 0x000000, 0x000000, 0xe3e3e3, 0xe3e3e3, 0xe3e3e3, 0xe3e3e3, 0xe3e3e3, 0xe3e3e3, 0xe3e3e3, 0xe3e3e3, 0xe3e3e3, 0xe3e3e3, 0xe3e3e3, 0xe3e3e3, 0xe3e3e3, 0xe3e3e3, 0xe3e3e3, 0xe3e3e3, 0xe3e3e3, 0xe3e3e3, 0x000000, 0x000000, 0x000000,
  0x000000, 0x000000, 0x000000, 0x000000, 0xe3e3e3, 0xe3e3e3, 0xe3e3e3, 0xe3e3e3, 0xe3e3e3, 0xe3e3e3, 0xe3e3e3, 0xe3e3e3, 0xe3e3e3, 0xe3e3e3, 0xe3e3e3, 0xe3e3e3, 0xe3e3e3, 0xe3e3e3, 0xe3e3e3, 0xe3e3e3, 0x000000, 0x000000, 0x000000, 0x000000,
  0x000000, 0x000000, 0x000000, 0x000000, 0x000000, 0x000000, 0x000000, 0x000000, 0x000000, 0x000000, 0x000000, 0x000000, 0x000000, 0x000000, 0x000000, 0x000000, 0x000000, 0x000000, 0x000000, 0x000000, 0x000000, 0x000000, 0x000000, 0x000000,
  0x000000, 0x000000, 0x000000, 0x000000, 0x000000, 0x000000, 0x000000, 0x000000, 0x000000, 0x000000, 0x000000, 0x000000, 0x000000, 0x000000, 0x000000, 0x000000, 0x000000, 0x000000, 0x000000, 0x000000, 0x000000, 0x000000, 0x000000, 0x000000,
  0x000000, 0x000000, 0x000000, 0x000000, 0x000000, 0x000000, 0x000000, 0x000000, 0x000000, 0x000000, 0x000000, 0x000000, 0x000000, 0x000000, 0x000000, 0x000000, 0x000000, 0x000000, 0x000000, 0x000000, 0x000000, 0x000000, 0x000000, 0x000000,
};

#define IC_WEATHER_W 24
#define IC_WEATHER_H 24
static const uint32_t ic_weather[] PROGMEM = {
  0x000000, 0x000000, 0x000000, 0x000000, 0x000000, 0x000000, 0x000000, 0x000000, 0x000000, 0x000000, 0x000000, 0x000000, 0x000000, 0x000000, 0x000000, 0x000000, 0x000000, 0x000000, 0x000000, 0x000000, 0x000000, 0x000000, 0x000000, 0x000000,
  0x000000, 0x000000, 0x000000, 0x000000, 0x000000, 0x000000, 0x000000, 0x000000, 0x000000, 0x000000, 0x000000, 0x000000, 0x000000, 0x000000, 0x000000, 0x000000, 0x000000, 0x000000, 0x000000, 0x000000, 0x000000, 0x000000, 0x000000, 0x000000,
  0x000000, 0x000000, 0x000000, 0x000000, 0x000000, 0x000000, 0x000000, 0x000000, 0x000000, 0x000000, 0xe3e3e3, 0xe3e3e3, 0xe3e3e3, 0xe3e3e3, 0x000000, 0x000000, 0x000000, 0x000000, 0x000000, 0x000000, 0x000000, 0x000000, 0x000000, 0x000000,
  0x000000, 0x000000, 0x000000, 0x000000, 0x000000, 0x000000, 0x000000, 0x000000, 0xe3e3e3, 0xe3e3e3, 0xe3e3e3, 0xe3e3e3, 0xe3e3e3, 0xe3e3e3, 0xe3e3e3, 0xe3e3e3, 0x000000, 0x000000, 0x000000, 0x000000, 0x000000, 0x000000, 0x000000, 0x000000,
  0x000000, 0x000000, 0x000000, 0x000000, 0x000000, 0x000000, 0x000000, 0xe3e3e3, 0xe3e3e3, 0xe4e4e4, 0x000000, 0x000000, 0x000000, 0x000000, 0xe3e3e3, 0xe3e3e3, 0xe2e2e2, 0x000000, 0x000000, 0x000000, 0x000000, 0x000000, 0x000000, 0x000000,
  0x000000, 0x000000, 0x000000, 0x000000, 0x000000, 0xe3e3e3, 0xe3e3e3, 0xe3e3e3, 0xe3e3e3, 0x000000, 0x000000, 0x000000, 0x000000, 0x000000, 0x000000, 0xe3e3e3, 0xe3e3e3, 0x000000, 0x000000, 0x000000, 0x000000, 0x000000, 0x000000, 0x000000,
  0x000000, 0x000000, 0x000000, 0x000000, 0xe3e3e3, 0xe3e3e3, 0xe3e3e3, 0xe3e3e3, 0x000000, 0x000000, 0x000000, 0x000000, 0x000000, 0x000000, 0x000000, 0x000000, 0xe3e3e3, 0xe3e3e3, 0x000000, 0x000000, 0x000000, 0x000000, 0x000000, 0x000000,
  0x000000, 0x000000, 0x000000, 0xe3e3e3, 0xe3e3e3, 0xe3e3e3, 0x000000, 0x000000, 0x000000, 0x000000, 0x000000, 0x000000, 0x000000, 0x000000, 0x000000, 0x000000, 0xe3e3e3, 0xe3e3e3, 0xe3e3e3, 0x000000, 0x000000, 0x000000, 0x000000, 0x000000,
  0x000000, 0x000000, 0xe3e3e3, 0xe3e3e3, 0xe3e3e3, 0x000000, 0x000000, 0x000000, 0x000000, 0x000000, 0x000000, 0x000000, 0x000000, 0x000000, 0x000000, 0x000000, 0xe3e3e3, 0xe3e3e3, 0xe3e3e3, 0xe3e3e3, 0xe2e2e2, 0x000000, 0x000000, 0x000000,
  0x000000, 0x000000, 0xe3e3e3, 0xe3e3e3, 0x000000, 0x000000, 0x000000, 0x000000, 0x000000, 0x000000, 0x000000, 0x000000, 0x000000, 0x000000, 0x000000, 0x000000, 0x000000, 0x000000, 0x000000, 0xe3e3e3, 0xe3e3e3, 0xe4e4e4, 0x000000, 0x000000,
  0x000000, 0x000000, 0xe3e3e3, 0xe3e3e3, 0x000000, 0x000000, 0x000000, 0x000000, 0x000000, 0x000000, 0x000000, 0x000000, 0x000000, 0x000000, 0x000000, 0x000000, 0x000000, 0x000000, 0x000000, 0x000000, 0xe3e3e3, 0xe3e3e3, 0x000000, 0x000000,
  0x000000, 0x000000, 0xe3e3e3, 0xe3e3e3, 0x000000, 0x000000, 0x000000, 0x000000, 0x000000, 0x000000, 0x000000, 0x000000, 0x000000, 0x000000, 0x000000, 0x000000, 0x000000, 0x000000, 0x000000, 0x000000, 0xe3e3e3, 0xe3e3e3, 0x000000, 0x000000,
  0x000000, 0x000000, 0xe3e3e3, 0xe3e3e3, 0xe4e4e4, 0x000000, 0x000000, 0x000000, 0x000000, 0x000000, 0x000000, 0x000000, 0x000000, 0x000000, 0x000000, 0x000000, 0x000000, 0x000000, 0x000000, 0x000000, 0xe3e3e3, 0xe3e3e3, 0x000000, 0x000000,
  0x000000, 0x000000, 0x000000, 0xe3e3e3, 0xe3e3e3, 0xe2e2e2, 0x000000, 0x000000, 0x000000, 0x000000, 0x000000, 0x000000, 0x000000, 0x000000, 0x000000, 0x000000, 0x000000, 0x000000, 0x000000, 0xe3e3e3, 0xe3e3e3, 0xe4e4e4, 0x000000, 0x000000,
  0x000000, 0x000000, 0x000000, 0x000000, 0xe3e3e3, 0xe3e3e3, 0xe3e3e3, 0xe3e3e3, 0xe3e3e3, 0xe3e3e3, 0xe3e3e3, 0xe3e3e3, 0xe3e3e3, 0xe3e3e3, 0xe3e3e3, 0xe3e3e3, 0xe3e3e3, 0xe3e3e3, 0xe3e3e3, 0xe3e3e3, 0xe3e3e3, 0x000000, 0x000000, 0x000000,
  0x000000, 0x000000, 0x000000, 0x000000, 0x000000, 0xe3e3e3, 0xe3e3e3, 0xe3e3e3, 0xe3e3e3, 0xe3e3e3, 0xe3e3e3, 0xe3e3e3, 0xe3e3e3, 0xe3e3e3, 0xe3e3e3, 0xe3e3e3, 0xe3e3e3, 0xe3e3e3, 0xe3e3e3, 0xe2e2e2, 0x000000, 0x000000, 0x000000, 0x000000,
  0x000000, 0x000000, 0x000000, 0x000000, 0x000000, 0x000000, 0x000000, 0x000000, 0x000000, 0x000000, 0x000000, 0x000000, 0x000000, 0x000000, 0x000000, 0x000000, 0x000000, 0x000000, 0x000000, 0x000000, 0x000000, 0x000000, 0x000000, 0x000000,
  0x000000, 0x000000, 0x000000, 0x000000, 0x000000, 0x000000, 0xe3e3e3, 0x000000, 0x000000, 0x000000, 0x000000, 0x000000, 0x000000, 0x000000, 0x000000, 0xe3e3e3, 0x000000, 0x000000, 0x000000, 0x000000, 0x000000, 0x000000, 0x000000, 0x000000,
  0x000000, 0x000000, 0x000000, 0x000000, 0x000000, 0xe3e3e3, 0xe3e3e3, 0xe3e3e3, 0x000000, 0x000000, 0xe3e3e3, 0xe3e3e3, 0x000000, 0x000000, 0xe3e3e3, 0xe3e3e3, 0xe3e3e3, 0x000000, 0x000000, 0x000000, 0x000000, 0x000000, 0x000000, 0x000000,
  0x000000, 0x000000, 0x000000, 0x000000, 0x000000, 0x000000, 0xe3e3e3, 0x000000, 0x000000, 0xe3e3e3, 0xe3e3e3, 0x000000, 0x000000, 0x000000, 0x000000, 0xe3e3e3, 0x000000, 0x000000, 0x000000, 0x000000, 0x000000, 0x000000, 0x000000, 0x000000,
  0x000000, 0x000000, 0x000000, 0x000000, 0x000000, 0x000000, 0x000000, 0x000000, 0xe3e3e3, 0xe3e3e3, 0x000000, 0x000000, 0xe3e3e3, 0x000000, 0x000000, 0x000000, 0x000000, 0x000000, 0x000000, 0x000000, 0x000000, 0x000000, 0x000000, 0x000000,
  0x000000, 0x000000, 0x000000, 0x000000, 0x000000, 0x000000, 0x000000, 0x000000, 0x000000, 0x000000, 0x000000, 0xe3e3e3, 0xe3e3e3, 0xe3e3e3, 0x000000, 0x000000, 0x000000, 0x000000, 0x000000, 0x000000, 0x000000, 0x000000, 0x000000, 0x000000,
  0x000000, 0x000000, 0x000000, 0x000000, 0x000000, 0x000000, 0x000000, 0x000000, 0x000000, 0x000000, 0x000000, 0x000000, 0xe3e3e3, 0x000000, 0x000000, 0x000000, 0x000000, 0x000000, 0x000000, 0x000000, 0x000000, 0x000000, 0x000000, 0x000000,
  0x000000, 0x000000, 0x000000, 0x000000, 0x000000, 0x000000, 0x000000, 0x000000, 0x000000, 0x000000, 0x000000, 0x000000, 0x000000, 0x000000, 0x000000, 0x000000, 0x000000, 0x000000, 0x000000, 0x000000, 0x000000, 0x000000, 0x000000, 0x000000,
};

#define IC_WEB_W 24
#define IC_WEB_H 24
static const uint32_t ic_web[] PROGMEM = {
  0x000000, 0x000000, 0x000000, 0x000000, 0x000000, 0x000000, 0x000000, 0x000000, 0x000000, 0x000000, 0x000000, 0x000000, 0x000000, 0x000000, 0x000000, 0x000000, 0x000000, 0x000000, 0x000000, 0x000000, 0x000000, 0x000000, 0x000000, 0x000000,
  0x000000, 0x000000, 0x000000, 0x000000, 0x000000, 0x000000, 0x000000, 0x000000, 0x000000, 0x000000, 0x000000, 0x000000, 0x000000, 0x000000, 0x000000, 0x000000, 0x000000, 0x000000, 0x000000, 0x000000, 0x000000, 0x000000, 0x000000, 0x000000,
  0x000000, 0x000000, 0xe2e2e2, 0xe3e3e3, 0xe3e3e3, 0x000000, 0x000000, 0x000000, 0x000000, 0x000000, 0x000000, 0x000000, 0x000000, 0x000000, 0x000000, 0x000000, 0x000000, 0x000000, 0x000000, 0x000000, 0x000000, 0x000000, 0x000000, 0x000000,
  0x000000, 0x000000, 0xe3e3e3, 0xe3e3e3, 0xe3e3e3, 0xe3e3e3, 0xe3e3e3, 0x000000, 0x000000, 0x000000, 0x000000, 0x000000, 0x000000, 0x000000, 0x000000, 0x000000, 0x000000, 0x000000, 0x000000, 0x000000, 0x000000, 0x000000, 0x000000, 0x000000,
  0x000000, 0x000000, 0xe3e3e3, 0xe3e3e3, 0xe4e4e4, 0xe3e3e3, 0xe3e3e3, 0x000000, 0x000000, 0x000000, 0x000000, 0x000000, 0x000000, 0x000000, 0x000000, 0x000000, 0x000000, 0x000000, 0x000000, 0x000000, 0x000000, 0x000000, 0x000000, 0x000000,
  0x000000, 0x000000, 0x000000, 0xe3e3e3, 0xe3e3e3, 0x000000, 0x000000, 0x000000, 0x000000, 0xe1e1e1, 0xe3e3e3, 0xe3e3e3, 0xe3e3e3, 0xe3e3e3, 0x000000, 0x000000, 0x000000, 0x000000, 0x000000, 0x000000, 0x000000, 0x000000, 0x000000, 0x000000,
  0x000000, 0x000000, 0x000000, 0xe3e3e3, 0xe3e3e3, 0x000000, 0x000000, 0x000000, 0xe3e3e3, 0xe3e3e3, 0xe3e3e3, 0xe3e3e3, 0xe3e3e3, 0xe3e3e3, 0xe3e3e3, 0xe3e3e3, 0x000000, 0x000000, 0x000000, 0x000000, 0x000000, 0x000000, 0x000000, 0x000000,
  0x000000, 0x000000, 0x000000, 0x000000, 0xe3e3e3, 0xe3e3e3, 0x000000, 0xe3e3e3, 0xe3e3e3, 0xe3e3e3, 0x000000, 0x000000, 0x000000, 0x000000, 0xe3e3e3, 0xe3e3e3, 0xe3e3e3, 0x000000, 0x000000, 0x000000, 0x000000, 0x000000, 0x000000, 0x000000,
  0x000000, 0x000000, 0x000000, 0x000000, 0xe3e3e3, 0xe3e3e3, 0xe3e3e3, 0xe3e3e3, 0x000000, 0x000000, 0xe3e3e3, 0xe3e3e3, 0x000000, 0x000000, 0x000000, 0xe2e2e2, 0xe3e3e3, 0xe3e3e3, 0x000000, 0x000000, 0x000000, 0x000000, 0x000000, 0x000000,
  0x000000, 0x000000, 0x000000, 0x000000, 0x000000, 0xe3e3e3, 0xe3e3e3, 0xe3e3e3, 0x000000, 0x000000, 0xe3e3e3, 0xe3e3e3, 0x000000, 0x000000, 0x000000, 0x000000, 0xe2e2e2, 0xe3e3e3, 0x000000, 0x000000, 0x000000, 0x000000, 0x000000, 0x000000,
  0x000000, 0x000000, 0x000000, 0x000000, 0x000000, 0xe3e3e3, 0xe3e3e3, 0xe3e3e3, 0x000000, 0x000000, 0x000000, 0x000000, 0x000000, 0x000000, 0xe3e3e3, 0xe3e3e3, 0x000000, 0xe3e3e3, 0xe3e3e3, 0x000000, 0x000000, 0x000000, 0x000000, 0x000000,
  0x000000, 0x000000, 0x000000, 0x000000, 0x000000, 0xe3e3e3, 0xe3e3e3, 0xe3e3e3, 0xe3e3e3, 0x000000, 0x000000, 0x000000, 0x000000, 0x000000, 0x000000, 0x000000, 0x000000, 0xe3e3e3, 0xe3e3e3, 0x000000, 0x000000, 0x000000, 0x000000, 0x000000,
  0x000000, 0x000000, 0x000000, 0x000000, 0x000000, 0xe3e3e3, 0xe3e3e3, 0xe3e3e3, 0xe3e3e3, 0xe3e3e3, 0x000000, 0x000000, 0x000000, 0x000000, 0x000000, 0x000000, 0x000000, 0xe3e3e3, 0xe3e3e3, 0x000000, 0x000000, 0x000000, 0x000000, 0x000000,
  0x000000, 0x000000, 0x000000, 0x000000, 0x000000, 0xe3e3e3, 0xe3e3e3, 0x000000, 0xe3e3e3, 0xe3e3e3, 0xe3e3e3, 0x000000, 0x000000, 0xe3e3e3, 0xe4e4e4, 0x000000, 0x000000, 0xe3e3e3, 0xe3e3e3, 0x000000, 0x000000, 0x000000, 0x000000, 0x000000,
  0x000000, 0x000000, 0x000000, 0x000000, 0x000000, 0xe3e3e3, 0xe3e3e3, 0xe3e3e3, 0x000000, 0xe3e3e3, 0xe3e3e3, 0xe3e3e3, 0x000000, 0xe3e3e3, 0xe3e3e3, 0x000000, 0xe3e3e3, 0xe3e3e3, 0x000000, 0x000000, 0x000000, 0x000000, 0x000000, 0x000000,
  0x000000, 0x000000, 0x000000, 0x000000, 0x000000, 0x000000, 0xe3e3e3, 0xe3e3e3, 0x000000, 0x000000, 0xe4e4e4, 0xe3e3e3, 0xe3e3e3, 0x000000, 0x000000, 0x000000, 0xe3e3e3, 0xe3e3e3, 0x000000, 0x000000, 0x000000, 0x000000, 0x000000, 0x000000,
  0x000000, 0x000000, 0x000000, 0x000000, 0x000000, 0x000000, 0x000000, 0xe3e3e3, 0xe3e3e3, 0xe3e3e3, 0x000000, 0xe3e3e3, 0xe3e3e3, 0xe3e3e3, 0xe3e3e3, 0xe3e3e3, 0xe3e3e3, 0x000000, 0x000000, 0x000000, 0x000000, 0x000000, 0x000000, 0x000000,
  0x000000, 0x000000, 0x000000, 0x000000, 0x000000, 0x000000, 0x000000, 0x000000, 0xe3e3e3, 0xe3e3e3, 0xe3e3e3, 0xe3e3e3, 0xe3e3e3, 0xe3e3e3, 0xe3e3e3, 0xe3e3e3, 0x000000, 0x000000, 0x000000, 0xe3e3e3, 0xe3e3e3, 0x000000, 0x000000, 0x000000,
  0x000000, 0x000000, 0x000000, 0x000000, 0x000000, 0x000000, 0x000000, 0x000000, 0x000000, 0xe4e4e4, 0xe3e3e3, 0xe3e3e3, 0xe3e3e3, 0xe3e3e3, 0xe3e3e3, 0xe3e3e3, 0xe3e3e3, 0x000000, 0x000000, 0xe3e3e3, 0xe3e3e3, 0x000000, 0x000000, 0x000000,
  0x000000, 0x000000, 0x000000, 0x000000, 0x000000, 0x000000, 0x000000, 0x000000, 0x000000, 0x000000, 0x000000, 0x000000, 0x000000, 0x000000, 0x000000, 0xe3e3e3, 0xe3e3e3, 0xe3e3e3, 0xe3e3e3, 0x000000, 0xe3e3e3, 0xe4e4e4, 0x000000, 0x000000,
  0x000000, 0x000000, 0x000000, 0x000000, 0x000000, 0x000000, 0x000000, 0x000000, 0x000000, 0x000000, 0x000000, 0x000000, 0x000000, 0x000000, 0x000000, 0x000000, 0x000000, 0xe3e3e3, 0xe3e3e3, 0xe3e3e3, 0xe3e3e3, 0xe3e3e3, 0x000000, 0x000000,
  0x000000, 0x000000, 0x000000, 0x000000, 0x000000, 0x000000, 0x000000, 0x000000, 0x000000, 0x000000, 0x000000, 0x000000, 0x000000, 0x000000, 0x000000, 0x000000, 0x000000, 0x000000, 0x000000, 0xe3e3e3, 0xe3e3e3, 0xe2e2e2, 0x000000, 0x000000,
  0x000000, 0x000000, 0x000000, 0x000000, 0x000000, 0x000000, 0x000000, 0x000000, 0x000000, 0x000000, 0x000000, 0x000000, 0x000000, 0x000000, 0x000000, 0x000000, 0x000000, 0x000000, 0x000000, 0x000000, 0x000000, 0x000000, 0x000000, 0x000000,
  0x000000, 0x000000, 0x000000, 0x000000, 0x000000, 0x000000, 0x000000, 0x000000, 0x000000, 0x000000, 0x000000, 0x000000, 0x000000, 0x000000, 0x000000, 0x000000, 0x000000, 0x000000, 0x000000, 0x000000, 0x000000, 0x000000, 0x000000, 0x000000,
};

#define IC_WIFI_W 24
#define IC_WIFI_H 24
static const uint32_t ic_wifi[] PROGMEM = {
  0x000000, 0x000000, 0x000000, 0x000000, 0x000000, 0x000000, 0x000000, 0x000000, 0x000000, 0x000000, 0x000000, 0x000000, 0x000000, 0x000000, 0x000000, 0x000000, 0x000000, 0x000000, 0x000000, 0x000000, 0x000000, 0x000000, 0x000000, 0x000000,
  0x000000, 0x000000, 0x000000, 0x000000, 0x000000, 0x000000, 0x000000, 0x000000, 0x000000, 0x000000, 0x000000, 0x000000, 0x000000, 0x000000, 0x000000, 0x000000, 0x000000, 0x000000, 0x000000, 0x000000, 0x000000, 0x000000, 0x000000, 0x000000,
  0x000000, 0x000000, 0x000000, 0x000000, 0x000000, 0x000000, 0x000000, 0x000000, 0x000000, 0x000000, 0x000000, 0x000000, 0x000000, 0x000000, 0x000000, 0x000000, 0x000000, 0x000000, 0x000000, 0x000000, 0x000000, 0x000000, 0x000000, 0x000000,
  0x000000, 0x000000, 0x000000, 0x000000, 0x000000, 0x000000, 0x000000, 0x000000, 0x000000, 0x000000, 0x000000, 0x000000, 0x000000, 0x000000, 0x000000, 0x000000, 0x000000, 0x000000, 0x000000, 0x000000, 0x000000, 0x000000, 0x000000, 0x000000,
  0x000000, 0x000000, 0x000000, 0x000000, 0x000000, 0x000000, 0x000000, 0x000000, 0xe3e3e3, 0xe3e3e3, 0xe3e3e3, 0xe3e3e3, 0xe3e3e3, 0xe3e3e3, 0xe3e3e3, 0xe4e4e4, 0x000000, 0x000000, 0x000000, 0x000000, 0x000000, 0x000000, 0x000000, 0x000000,
  0x000000, 0x000000, 0x000000, 0x000000, 0x000000, 0xe3e3e3, 0xe3e3e3, 0xe3e3e3, 0xe3e3e3, 0xe3e3e3, 0xe3e3e3, 0xe3e3e3, 0xe3e3e3, 0xe3e3e3, 0xe3e3e3, 0xe3e3e3, 0xe3e3e3, 0xe3e3e3, 0xe3e3e3, 0x000000, 0x000000, 0x000000, 0x000000, 0x000000,
  0x000000, 0x000000, 0x000000, 0xe3e3e3, 0xe3e3e3, 0xe3e3e3, 0xe3e3e3, 0xe3e3e3, 0xe3e3e3, 0xe3e3e3, 0xe3e3e3, 0xe3e3e3, 0xe3e3e3, 0xe3e3e3, 0xe3e3e3, 0xe3e3e3, 0xe3e3e3, 0xe3e3e3, 0xe3e3e3, 0xe3e3e3, 0xe3e3e3, 0x000000, 0x000000, 0x000000,
  0x000000, 0x000000, 0xe3e3e3, 0xe3e3e3, 0xe3e3e3, 0xe3e3e3, 0xe3e3e3, 0xe3e3e3, 0x000000, 0x000000, 0x000000, 0x000000, 0x000000, 0x000000, 0x000000, 0x000000, 0xe3e3e3, 0xe3e3e3, 0xe3e3e3, 0xe3e3e3, 0xe3e3e3, 0xe3e3e3, 0x000000, 0x000000,
  0x000000, 0xe3e3e3, 0xe3e3e3, 0xe3e3e3, 0xe3e3e3, 0xe4e4e4, 0x000000, 0x000000, 0x000000, 0x000000, 0x000000, 0x000000, 0x000000, 0x000000, 0x000000, 0x000000, 0x000000, 0x000000, 0xe4e4e4, 0xe3e3e3, 0xe3e3e3, 0xe3e3e3, 0xe3e3e3, 0x000000,
  0xe1e1e1, 0xe3e3e3, 0xe3e3e3, 0xe3e3e3, 0x000000, 0x000000, 0x000000, 0x000000, 0x000000, 0x000000, 0x000000, 0x000000, 0x000000, 0x000000, 0x000000, 0x000000, 0x000000, 0x000000, 0x000000, 0x000000, 0xe3e3e3, 0xe3e3e3, 0xe3e3e3, 0x000000,
  0x000000, 0xe1e1e1, 0xe3e3e3, 0x000000, 0x000000, 0x000000, 0x000000, 0x000000, 0x000000, 0xe3e3e3, 0xe3e3e3, 0xe3e3e3, 0xe3e3e3, 0xe3e3e3, 0xe4e4e4, 0x000000, 0x000000, 0x000000, 0x000000, 0x000000, 0x000000, 0xe2e2e2, 0xe1e1e1, 0x000000,
  0x000000, 0x000000, 0x000000, 0x000000, 0x000000, 0x000000, 0x000000, 0xe3e3e3, 0xe3e3e3, 0xe3e3e3, 0xe3e3e3, 0xe3e3e3, 0xe3e3e3, 0xe3e3e3, 0xe3e3e3, 0xe3e3e3, 0xe3e3e3, 0x000000, 0x000000, 0x000000, 0x000000, 0x000000, 0x000000, 0x000000,
  0x000000, 0x000000, 0x000000, 0x000000, 0x000000, 0xe2e2e2, 0xe3e3e3, 0xe3e3e3, 0xe3e3e3, 0xe3e3e3, 0xe3e3e3, 0xe3e3e3, 0xe3e3e3, 0xe3e3e3, 0xe3e3e3, 0xe3e3e3, 0xe3e3e3, 0xe3e3e3, 0xe2e2e2, 0x000000, 0x000000, 0x000000, 0x000000, 0x000000,
  0x000000, 0x000000, 0x000000, 0x000000, 0x000000, 0xe3e3e3, 0xe3e3e3, 0xe3e3e3, 0xe4e4e4, 0x000000, 0x000000, 0x000000, 0x000000, 0x000000, 0x000000, 0xe4e4e4, 0xe3e3e3, 0xe3e3e3, 0xe3e3e3, 0x000000, 0x000000, 0x000000, 0x000000, 0x000000,
  0x000000, 0x000000, 0x000000, 0x000000, 0x000000, 0x000000, 0xe3e3e3, 0x000000, 0x000000, 0x000000, 0x000000, 0x000000, 0x000000, 0x000000, 0x000000, 0x000000, 0x000000, 0xe3e3e3, 0xe1e1e1, 0x000000, 0x000000, 0x000000, 0x000000, 0x000000,
  0x000000, 0x000000, 0x000000, 0x000000, 0x000000, 0x000000, 0x000000, 0x000000, 0x000000, 0x000000, 0x000000, 0x000000, 0x000000, 0x000000, 0x000000, 0x000000, 0x000000, 0x000000, 0x000000, 0x000000, 0x000000, 0x000000, 0x000000, 0x000000,
  0x000000, 0x000000, 0x000000, 0x000000, 0x000000, 0x000000, 0x000000, 0x000000, 0x000000, 0x000000, 0x000000, 0xe3e3e3, 0xe3e3e3, 0x000000, 0x000000, 0x000000, 0x000000, 0x000000, 0x000000, 0x000000, 0x000000, 0x000000, 0x000000, 0x000000,
  0x000000, 0x000000, 0x000000, 0x000000, 0x000000, 0x000000, 0x000000, 0x000000, 0x000000, 0x000000, 0xe3e3e3, 0xe3e3e3, 0xe3e3e3, 0xe3e3e3, 0x000000, 0x000000, 0x000000, 0x000000, 0x000000, 0x000000, 0x000000, 0x000000, 0x000000, 0x000000,
  0x000000, 0x000000, 0x000000, 0x000000, 0x000000, 0x000000, 0x000000, 0x000000, 0x000000, 0x000000, 0xe3e3e3, 0xe3e3e3, 0xe3e3e3, 0xe3e3e3, 0x000000, 0x000000, 0x000000, 0x000000, 0x000000, 0x000000, 0x000000, 0x000000, 0x000000, 0x000000,
  0x000000, 0x000000, 0x000000, 0x000000, 0x000000, 0x000000, 0x000000, 0x000000, 0x000000, 0x000000, 0xe3e3e3, 0xe3e3e3, 0xe3e3e3, 0xe3e3e3, 0x000000, 0x000000, 0x000000, 0x000000, 0x000000, 0x000000, 0x000000, 0x000000, 0x000000, 0x000000,
  0x000000, 0x000000, 0x000000, 0x000000, 0x000000, 0x000000, 0x000000, 0x000000, 0x000000, 0x000000, 0x000000, 0xe3e3e3, 0xe3e3e3, 0x000000, 0x000000, 0x000000, 0x000000, 0x000000, 0x000000, 0x000000, 0x000000, 0x000000, 0x000000, 0x000000,
  0x000000, 0x000000, 0x000000, 0x000000, 0x000000, 0x000000, 0x000000, 0x000000, 0x000000, 0x000000, 0x000000, 0x000000, 0x000000, 0x000000, 0x000000, 0x000000, 0x000000, 0x000000, 0x000000, 0x000000, 0x000000, 0x000000, 0x000000, 0x000000,
  0x000000, 0x000000, 0x000000, 0x000000, 0x000000, 0x000000, 0x000000, 0x000000, 0x000000, 0x000000, 0x000000, 0x000000, 0x000000, 0x000000, 0x000000, 0x000000, 0x000000, 0x000000, 0x000000, 0x000000, 0x000000, 0x000000, 0x000000, 0x000000,
  0x000000, 0x000000, 0x000000, 0x000000, 0x000000, 0x000000, 0x000000, 0x000000, 0x000000, 0x000000, 0x000000, 0x000000, 0x000000, 0x000000, 0x000000, 0x000000, 0x000000, 0x000000, 0x000000, 0x000000, 0x000000, 0x000000, 0x000000, 0x000000,
};

struct AppIconEntry {
  const char *name;
  const uint32_t *data;
  int w;
  int h;
};

static const AppIconEntry APP_ICONS[] = {
  {"attack", ic_attack, IC_ATTACK_W, IC_ATTACK_H},
  {"audio", ic_audio, IC_AUDIO_W, IC_AUDIO_H},
  {"ble", ic_ble, IC_BLE_W, IC_BLE_H},
  {"explorer", ic_explorer, IC_EXPLORER_W, IC_EXPLORER_H},
  {"files", ic_files, IC_FILES_W, IC_FILES_H},
  {"js", ic_js, IC_JS_W, IC_JS_H},
  {"json", ic_json, IC_JSON_W, IC_JSON_H},
  {"paint", ic_paint, IC_PAINT_W, IC_PAINT_H},
  {"radio", ic_radio, IC_RADIO_W, IC_RADIO_H},
  {"retro", ic_retro, IC_RETRO_W, IC_RETRO_H},
  {"robot", ic_robot, IC_ROBOT_W, IC_ROBOT_H},
  {"router", ic_router, IC_ROUTER_W, IC_ROUTER_H},
  {"satellite", ic_satellite, IC_SATELLITE_W, IC_SATELLITE_H},
  {"script", ic_script, IC_SCRIPT_W, IC_SCRIPT_H},
  {"security", ic_security, IC_SECURITY_W, IC_SECURITY_H},
  {"settings", ic_settings, IC_SETTINGS_W, IC_SETTINGS_H},
  {"setup", ic_setup, IC_SETUP_W, IC_SETUP_H},
  {"sniffer", ic_sniffer, IC_SNIFFER_W, IC_SNIFFER_H},
  {"terminal", ic_terminal, IC_TERMINAL_W, IC_TERMINAL_H},
  {"weather", ic_weather, IC_WEATHER_W, IC_WEATHER_H},
  {"web", ic_web, IC_WEB_W, IC_WEB_H},
  {"wifi", ic_wifi, IC_WIFI_W, IC_WIFI_H},
};
static const int APP_ICONS_COUNT = 22;

#endif  // BITMAP_APP_ICONS_H
